model_name,lang,condition,word_at_1,word_at_5,pred_punct_rate,pred_stop_rate,N,run_seed,run_model
bert-base-multilingual-cased,en_ewt,Original,0.2054794520547945,0.3972602739726027,0.04657534246575343,0.08767123287671233,365,123,bert-base-multilingual-cased
bert-base-multilingual-cased,en_ewt,Original+Lemma,0.12602739726027398,0.29315068493150687,0.0684931506849315,0.13150684931506848,365,123,bert-base-multilingual-cased
bert-base-multilingual-cased,en_ewt,FullyScrambled,0.00821917808219178,0.019178082191780823,0.2602739726027397,0.13972602739726028,365,123,bert-base-multilingual-cased
bert-base-multilingual-cased,en_ewt,FullyScrambled+Lemma,0.00821917808219178,0.024657534246575342,0.2273972602739726,0.18356164383561643,365,123,bert-base-multilingual-cased
bert-base-multilingual-cased,en_ewt,HeadScrambled,0.06027397260273973,0.13150684931506848,0.13972602739726028,0.1589041095890411,365,123,bert-base-multilingual-cased
bert-base-multilingual-cased,en_ewt,PartiallyScrambled,0.1095890410958904,0.2328767123287671,0.09863013698630137,0.12876712328767123,365,123,bert-base-multilingual-cased
bert-base-multilingual-cased,en_ewt,PartiallyScrambled+Lemma,0.06027397260273973,0.1780821917808219,0.08493150684931507,0.1863013698630137,365,123,bert-base-multilingual-cased
bert-base-multilingual-cased,de_gsd,Original,0.1575,0.28,0.045,0.055,400,123,bert-base-multilingual-cased
bert-base-multilingual-cased,de_gsd,Original+Lemma,0.0825,0.155,0.1025,0.0725,400,123,bert-base-multilingual-cased
bert-base-multilingual-cased,de_gsd,FullyScrambled,0.0025,0.02,0.2325,0.0875,400,123,bert-base-multilingual-cased
bert-base-multilingual-cased,de_gsd,FullyScrambled+Lemma,0.0025,0.0125,0.23,0.1125,400,123,bert-base-multilingual-cased
bert-base-multilingual-cased,de_gsd,HeadScrambled,0.0825,0.1625,0.1,0.095,400,123,bert-base-multilingual-cased
bert-base-multilingual-cased,de_gsd,PartiallyScrambled,0.1025,0.1825,0.08,0.0525,400,123,bert-base-multilingual-cased
bert-base-multilingual-cased,de_gsd,PartiallyScrambled+Lemma,0.05,0.0925,0.105,0.0925,400,123,bert-base-multilingual-cased
bert-base-multilingual-cased,es_ancora,Original,0.2506265664160401,0.42105263157894735,0.042606516290726815,0.08270676691729323,399,123,bert-base-multilingual-cased
bert-base-multilingual-cased,es_ancora,Original+Lemma,0.17293233082706766,0.2731829573934837,0.03508771929824561,0.10275689223057644,399,123,bert-base-multilingual-cased
bert-base-multilingual-cased,es_ancora,FullyScrambled,0.002506265664160401,0.03007518796992481,0.17543859649122806,0.19799498746867167,399,123,bert-base-multilingual-cased
bert-base-multilingual-cased,es_ancora,FullyScrambled+Lemma,0.010025062656641603,0.03508771929824561,0.19047619047619047,0.23558897243107768,399,123,bert-base-multilingual-cased
bert-base-multilingual-cased,es_ancora,HeadScrambled,0.07518796992481203,0.17293233082706766,0.09022556390977443,0.14786967418546365,399,123,bert-base-multilingual-cased
bert-base-multilingual-cased,es_ancora,PartiallyScrambled,0.15288220551378445,0.2731829573934837,0.07769423558897243,0.12531328320802004,399,123,bert-base-multilingual-cased
bert-base-multilingual-cased,es_ancora,PartiallyScrambled+Lemma,0.09273182957393483,0.16791979949874686,0.07518796992481203,0.14536340852130325,399,123,bert-base-multilingual-cased
bert-base-multilingual-cased,ru_syntagrus,Original,0.23096446700507614,0.39593908629441626,0.025380710659898477,0.025380710659898477,394,123,bert-base-multilingual-cased
bert-base-multilingual-cased,ru_syntagrus,Original+Lemma,0.09390862944162437,0.1548223350253807,0.04060913705583756,0.04568527918781726,394,123,bert-base-multilingual-cased
bert-base-multilingual-cased,ru_syntagrus,FullyScrambled,0.0,0.012690355329949238,0.1649746192893401,0.050761421319796954,394,123,bert-base-multilingual-cased
bert-base-multilingual-cased,ru_syntagrus,FullyScrambled+Lemma,0.007614213197969543,0.017766497461928935,0.17766497461928935,0.04060913705583756,394,123,bert-base-multilingual-cased
bert-base-multilingual-cased,ru_syntagrus,HeadScrambled,0.06345177664974619,0.1116751269035533,0.09390862944162437,0.0583756345177665,394,123,bert-base-multilingual-cased
bert-base-multilingual-cased,ru_syntagrus,PartiallyScrambled,0.10406091370558376,0.1700507614213198,0.0583756345177665,0.05583756345177665,394,123,bert-base-multilingual-cased
bert-base-multilingual-cased,ru_syntagrus,PartiallyScrambled+Lemma,0.04314720812182741,0.09898477157360407,0.07614213197969544,0.07614213197969544,394,123,bert-base-multilingual-cased
bert-base-multilingual-cased,tr_imst,Original,0.0125,0.04375,0.06875,0.03125,160,123,bert-base-multilingual-cased
bert-base-multilingual-cased,tr_imst,Original+Lemma,0.0125,0.0375,0.1375,0.0625,160,123,bert-base-multilingual-cased
bert-base-multilingual-cased,tr_imst,FullyScrambled,0.00625,0.00625,0.15,0.03125,160,123,bert-base-multilingual-cased
bert-base-multilingual-cased,tr_imst,FullyScrambled+Lemma,0.00625,0.00625,0.29375,0.04375,160,123,bert-base-multilingual-cased
bert-base-multilingual-cased,tr_imst,HeadScrambled,0.00625,0.00625,0.0875,0.01875,160,123,bert-base-multilingual-cased
bert-base-multilingual-cased,tr_imst,PartiallyScrambled,0.0,0.025,0.09375,0.03125,160,123,bert-base-multilingual-cased
bert-base-multilingual-cased,tr_imst,PartiallyScrambled+Lemma,0.00625,0.025,0.16875,0.0875,160,123,bert-base-multilingual-cased
bert-base-multilingual-cased,zh_gsd,Original,0.3825,0.58,0.02,0.0,400,123,bert-base-multilingual-cased
bert-base-multilingual-cased,zh_gsd,Original+Lemma,0.3775,0.575,0.0175,0.0,400,123,bert-base-multilingual-cased
bert-base-multilingual-cased,zh_gsd,FullyScrambled,0.0175,0.045,0.105,0.0,400,123,bert-base-multilingual-cased
bert-base-multilingual-cased,zh_gsd,FullyScrambled+Lemma,0.0175,0.0475,0.1075,0.0,400,123,bert-base-multilingual-cased
bert-base-multilingual-cased,zh_gsd,HeadScrambled,0.1225,0.26,0.0425,0.0,400,123,bert-base-multilingual-cased
bert-base-multilingual-cased,zh_gsd,PartiallyScrambled,0.185,0.3,0.0225,0.0,400,123,bert-base-multilingual-cased
bert-base-multilingual-cased,zh_gsd,PartiallyScrambled+Lemma,0.1825,0.2925,0.0225,0.0,400,123,bert-base-multilingual-cased
bert-base-multilingual-cased,en_ewt,Original,0.24795640326975477,0.4087193460490463,0.05722070844686648,0.05722070844686648,367,456,bert-base-multilingual-cased
bert-base-multilingual-cased,en_ewt,Original+Lemma,0.18528610354223432,0.32697547683923706,0.05994550408719346,0.09264305177111716,367,456,bert-base-multilingual-cased
bert-base-multilingual-cased,en_ewt,FullyScrambled,0.013623978201634877,0.03814713896457766,0.25340599455040874,0.1880108991825613,367,456,bert-base-multilingual-cased
bert-base-multilingual-cased,en_ewt,FullyScrambled+Lemma,0.013623978201634877,0.035422343324250684,0.21525885558583105,0.22343324250681199,367,456,bert-base-multilingual-cased
bert-base-multilingual-cased,en_ewt,HeadScrambled,0.07084468664850137,0.16076294277929154,0.1335149863760218,0.1226158038147139,367,456,bert-base-multilingual-cased
bert-base-multilingual-cased,en_ewt,PartiallyScrambled,0.14168937329700274,0.2506811989100817,0.08719346049046321,0.08991825613079019,367,456,bert-base-multilingual-cased
bert-base-multilingual-cased,en_ewt,PartiallyScrambled+Lemma,0.09809264305177112,0.20435967302452315,0.08719346049046321,0.11716621253405994,367,456,bert-base-multilingual-cased
bert-base-multilingual-cased,de_gsd,Original,0.14035087719298245,0.2731829573934837,0.03258145363408521,0.05764411027568922,399,456,bert-base-multilingual-cased
bert-base-multilingual-cased,de_gsd,Original+Lemma,0.047619047619047616,0.15037593984962405,0.09523809523809523,0.07017543859649122,399,456,bert-base-multilingual-cased
bert-base-multilingual-cased,de_gsd,FullyScrambled,0.0,0.017543859649122806,0.22305764411027568,0.10275689223057644,399,456,bert-base-multilingual-cased
bert-base-multilingual-cased,de_gsd,FullyScrambled+Lemma,0.0,0.005012531328320802,0.22055137844611528,0.13533834586466165,399,456,bert-base-multilingual-cased
bert-base-multilingual-cased,de_gsd,HeadScrambled,0.07268170426065163,0.15538847117794485,0.08521303258145363,0.08020050125313283,399,456,bert-base-multilingual-cased
bert-base-multilingual-cased,de_gsd,PartiallyScrambled,0.08270676691729323,0.19298245614035087,0.08020050125313283,0.06766917293233082,399,456,bert-base-multilingual-cased
bert-base-multilingual-cased,de_gsd,PartiallyScrambled+Lemma,0.040100250626566414,0.10275689223057644,0.11027568922305764,0.08270676691729323,399,456,bert-base-multilingual-cased
bert-base-multilingual-cased,es_ancora,Original,0.2756892230576441,0.42606516290726815,0.03007518796992481,0.07017543859649122,399,456,bert-base-multilingual-cased
bert-base-multilingual-cased,es_ancora,Original+Lemma,0.15538847117794485,0.2531328320802005,0.045112781954887216,0.08270676691729323,399,456,bert-base-multilingual-cased
bert-base-multilingual-cased,es_ancora,FullyScrambled,0.007518796992481203,0.03508771929824561,0.15789473684210525,0.20050125313283207,399,456,bert-base-multilingual-cased
bert-base-multilingual-cased,es_ancora,FullyScrambled+Lemma,0.005012531328320802,0.03759398496240601,0.18295739348370926,0.21804511278195488,399,456,bert-base-multilingual-cased
bert-base-multilingual-cased,es_ancora,HeadScrambled,0.06766917293233082,0.16791979949874686,0.06015037593984962,0.14035087719298245,399,456,bert-base-multilingual-cased
bert-base-multilingual-cased,es_ancora,PartiallyScrambled,0.14035087719298245,0.23308270676691728,0.06516290726817042,0.10275689223057644,399,456,bert-base-multilingual-cased
bert-base-multilingual-cased,es_ancora,PartiallyScrambled+Lemma,0.09022556390977443,0.18295739348370926,0.08521303258145363,0.11528822055137844,399,456,bert-base-multilingual-cased
bert-base-multilingual-cased,ru_syntagrus,Original,0.26262626262626265,0.39646464646464646,0.010101010101010102,0.025252525252525252,396,456,bert-base-multilingual-cased
bert-base-multilingual-cased,ru_syntagrus,Original+Lemma,0.09343434343434344,0.16414141414141414,0.050505050505050504,0.03282828282828283,396,456,bert-base-multilingual-cased
bert-base-multilingual-cased,ru_syntagrus,FullyScrambled,0.0025252525252525255,0.010101010101010102,0.14898989898989898,0.047979797979797977,396,456,bert-base-multilingual-cased
bert-base-multilingual-cased,ru_syntagrus,FullyScrambled+Lemma,0.0025252525252525255,0.017676767676767676,0.18686868686868688,0.050505050505050504,396,456,bert-base-multilingual-cased
bert-base-multilingual-cased,ru_syntagrus,HeadScrambled,0.08080808080808081,0.14393939393939395,0.06313131313131314,0.05808080808080808,396,456,bert-base-multilingual-cased
bert-base-multilingual-cased,ru_syntagrus,PartiallyScrambled,0.12121212121212122,0.2222222222222222,0.03282828282828283,0.03787878787878788,396,456,bert-base-multilingual-cased
bert-base-multilingual-cased,ru_syntagrus,PartiallyScrambled+Lemma,0.04292929292929293,0.09595959595959595,0.0707070707070707,0.03787878787878788,396,456,bert-base-multilingual-cased
bert-base-multilingual-cased,tr_imst,Original,0.006578947368421052,0.019736842105263157,0.07236842105263158,0.046052631578947366,152,456,bert-base-multilingual-cased
bert-base-multilingual-cased,tr_imst,Original+Lemma,0.013157894736842105,0.03289473684210526,0.16447368421052633,0.06578947368421052,152,456,bert-base-multilingual-cased
bert-base-multilingual-cased,tr_imst,FullyScrambled,0.006578947368421052,0.006578947368421052,0.09210526315789473,0.03289473684210526,152,456,bert-base-multilingual-cased
bert-base-multilingual-cased,tr_imst,FullyScrambled+Lemma,0.006578947368421052,0.013157894736842105,0.2565789473684211,0.05921052631578947,152,456,bert-base-multilingual-cased
bert-base-multilingual-cased,tr_imst,HeadScrambled,0.006578947368421052,0.006578947368421052,0.09210526315789473,0.02631578947368421,152,456,bert-base-multilingual-cased
bert-base-multilingual-cased,tr_imst,PartiallyScrambled,0.006578947368421052,0.019736842105263157,0.07894736842105263,0.019736842105263157,152,456,bert-base-multilingual-cased
bert-base-multilingual-cased,tr_imst,PartiallyScrambled+Lemma,0.006578947368421052,0.013157894736842105,0.16447368421052633,0.05921052631578947,152,456,bert-base-multilingual-cased
bert-base-multilingual-cased,zh_gsd,Original,0.42,0.5875,0.025,0.0,400,456,bert-base-multilingual-cased
bert-base-multilingual-cased,zh_gsd,Original+Lemma,0.4175,0.58,0.0225,0.0,400,456,bert-base-multilingual-cased
bert-base-multilingual-cased,zh_gsd,FullyScrambled,0.0175,0.0575,0.1,0.0,400,456,bert-base-multilingual-cased
bert-base-multilingual-cased,zh_gsd,FullyScrambled+Lemma,0.02,0.0575,0.1,0.0,400,456,bert-base-multilingual-cased
bert-base-multilingual-cased,zh_gsd,HeadScrambled,0.135,0.2425,0.0625,0.0,400,456,bert-base-multilingual-cased
bert-base-multilingual-cased,zh_gsd,PartiallyScrambled,0.2125,0.36,0.0325,0.0,400,456,bert-base-multilingual-cased
bert-base-multilingual-cased,zh_gsd,PartiallyScrambled+Lemma,0.215,0.355,0.0275,0.0,400,456,bert-base-multilingual-cased
bert-base-multilingual-cased,en_ewt,Original,0.2185792349726776,0.39344262295081966,0.0546448087431694,0.09836065573770492,366,789,bert-base-multilingual-cased
bert-base-multilingual-cased,en_ewt,Original+Lemma,0.16666666666666666,0.31693989071038253,0.05737704918032787,0.11748633879781421,366,789,bert-base-multilingual-cased
bert-base-multilingual-cased,en_ewt,FullyScrambled,0.01639344262295082,0.03551912568306011,0.23770491803278687,0.1830601092896175,366,789,bert-base-multilingual-cased
bert-base-multilingual-cased,en_ewt,FullyScrambled+Lemma,0.01912568306010929,0.0273224043715847,0.24316939890710382,0.16939890710382513,366,789,bert-base-multilingual-cased
bert-base-multilingual-cased,en_ewt,HeadScrambled,0.060109289617486336,0.1284153005464481,0.15027322404371585,0.13934426229508196,366,789,bert-base-multilingual-cased
bert-base-multilingual-cased,en_ewt,PartiallyScrambled,0.12295081967213115,0.22404371584699453,0.07650273224043716,0.12568306010928962,366,789,bert-base-multilingual-cased
bert-base-multilingual-cased,en_ewt,PartiallyScrambled+Lemma,0.09016393442622951,0.1912568306010929,0.08196721311475409,0.15300546448087432,366,789,bert-base-multilingual-cased
bert-base-multilingual-cased,de_gsd,Original,0.1425,0.2925,0.0425,0.055,400,789,bert-base-multilingual-cased
bert-base-multilingual-cased,de_gsd,Original+Lemma,0.06,0.1925,0.0925,0.1,400,789,bert-base-multilingual-cased
bert-base-multilingual-cased,de_gsd,FullyScrambled,0.0125,0.025,0.23,0.0825,400,789,bert-base-multilingual-cased
bert-base-multilingual-cased,de_gsd,FullyScrambled+Lemma,0.0025,0.02,0.24,0.1075,400,789,bert-base-multilingual-cased
bert-base-multilingual-cased,de_gsd,HeadScrambled,0.0775,0.1425,0.0875,0.1125,400,789,bert-base-multilingual-cased
bert-base-multilingual-cased,de_gsd,PartiallyScrambled,0.075,0.18,0.0775,0.06,400,789,bert-base-multilingual-cased
bert-base-multilingual-cased,de_gsd,PartiallyScrambled+Lemma,0.0325,0.11,0.1275,0.0925,400,789,bert-base-multilingual-cased
bert-base-multilingual-cased,es_ancora,Original,0.2506265664160401,0.42105263157894735,0.02756892230576441,0.07268170426065163,399,789,bert-base-multilingual-cased
bert-base-multilingual-cased,es_ancora,Original+Lemma,0.14285714285714285,0.2706766917293233,0.06766917293233082,0.07518796992481203,399,789,bert-base-multilingual-cased
bert-base-multilingual-cased,es_ancora,FullyScrambled,0.012531328320802004,0.03508771929824561,0.14035087719298245,0.18796992481203006,399,789,bert-base-multilingual-cased
bert-base-multilingual-cased,es_ancora,FullyScrambled+Lemma,0.002506265664160401,0.03759398496240601,0.17543859649122806,0.20802005012531327,399,789,bert-base-multilingual-cased
bert-base-multilingual-cased,es_ancora,HeadScrambled,0.06265664160401002,0.16791979949874686,0.07268170426065163,0.12531328320802004,399,789,bert-base-multilingual-cased
bert-base-multilingual-cased,es_ancora,PartiallyScrambled,0.14285714285714285,0.2857142857142857,0.06265664160401002,0.11027568922305764,399,789,bert-base-multilingual-cased
bert-base-multilingual-cased,es_ancora,PartiallyScrambled+Lemma,0.08521303258145363,0.17543859649122806,0.07518796992481203,0.12030075187969924,399,789,bert-base-multilingual-cased
bert-base-multilingual-cased,ru_syntagrus,Original,0.2759493670886076,0.4151898734177215,0.017721518987341773,0.005063291139240506,395,789,bert-base-multilingual-cased
bert-base-multilingual-cased,ru_syntagrus,Original+Lemma,0.1189873417721519,0.19746835443037974,0.053164556962025315,0.035443037974683546,395,789,bert-base-multilingual-cased
bert-base-multilingual-cased,ru_syntagrus,FullyScrambled,0.007594936708860759,0.017721518987341773,0.15443037974683543,0.06329113924050633,395,789,bert-base-multilingual-cased
bert-base-multilingual-cased,ru_syntagrus,FullyScrambled+Lemma,0.007594936708860759,0.015189873417721518,0.18734177215189873,0.053164556962025315,395,789,bert-base-multilingual-cased
bert-base-multilingual-cased,ru_syntagrus,HeadScrambled,0.06329113924050633,0.1240506329113924,0.08860759493670886,0.05822784810126582,395,789,bert-base-multilingual-cased
bert-base-multilingual-cased,ru_syntagrus,PartiallyScrambled,0.1189873417721519,0.21012658227848102,0.0379746835443038,0.03291139240506329,395,789,bert-base-multilingual-cased
bert-base-multilingual-cased,ru_syntagrus,PartiallyScrambled+Lemma,0.060759493670886074,0.12151898734177215,0.07088607594936709,0.04556962025316456,395,789,bert-base-multilingual-cased
bert-base-multilingual-cased,tr_imst,Original,0.0,0.03773584905660377,0.07547169811320754,0.018867924528301886,159,789,bert-base-multilingual-cased
bert-base-multilingual-cased,tr_imst,Original+Lemma,0.012578616352201259,0.025157232704402517,0.15723270440251572,0.06289308176100629,159,789,bert-base-multilingual-cased
bert-base-multilingual-cased,tr_imst,FullyScrambled,0.0,0.012578616352201259,0.06289308176100629,0.0,159,789,bert-base-multilingual-cased
bert-base-multilingual-cased,tr_imst,FullyScrambled+Lemma,0.012578616352201259,0.031446540880503145,0.24528301886792453,0.025157232704402517,159,789,bert-base-multilingual-cased
bert-base-multilingual-cased,tr_imst,HeadScrambled,0.006289308176100629,0.006289308176100629,0.06289308176100629,0.031446540880503145,159,789,bert-base-multilingual-cased
bert-base-multilingual-cased,tr_imst,PartiallyScrambled,0.018867924528301886,0.03773584905660377,0.09433962264150944,0.018867924528301886,159,789,bert-base-multilingual-cased
bert-base-multilingual-cased,tr_imst,PartiallyScrambled+Lemma,0.018867924528301886,0.025157232704402517,0.23270440251572327,0.05660377358490566,159,789,bert-base-multilingual-cased
bert-base-multilingual-cased,zh_gsd,Original,0.4425,0.595,0.0075,0.0,400,789,bert-base-multilingual-cased
bert-base-multilingual-cased,zh_gsd,Original+Lemma,0.4475,0.595,0.0075,0.0,400,789,bert-base-multilingual-cased
bert-base-multilingual-cased,zh_gsd,FullyScrambled,0.0225,0.055,0.115,0.0,400,789,bert-base-multilingual-cased
bert-base-multilingual-cased,zh_gsd,FullyScrambled+Lemma,0.0225,0.06,0.1175,0.0,400,789,bert-base-multilingual-cased
bert-base-multilingual-cased,zh_gsd,HeadScrambled,0.1325,0.2375,0.0525,0.0,400,789,bert-base-multilingual-cased
bert-base-multilingual-cased,zh_gsd,PartiallyScrambled,0.2225,0.3325,0.04,0.0,400,789,bert-base-multilingual-cased
bert-base-multilingual-cased,zh_gsd,PartiallyScrambled+Lemma,0.23,0.3375,0.04,0.0,400,789,bert-base-multilingual-cased
xlm-roberta-base,en_ewt,Original,0.2568306010928962,0.4644808743169399,0.08196721311475409,0.06284153005464481,366,123,xlm-roberta-base
xlm-roberta-base,en_ewt,Original+Lemma,0.1721311475409836,0.33879781420765026,0.10109289617486339,0.09836065573770492,366,123,xlm-roberta-base
xlm-roberta-base,en_ewt,FullyScrambled,0.01092896174863388,0.01912568306010929,0.19672131147540983,0.1994535519125683,366,123,xlm-roberta-base
xlm-roberta-base,en_ewt,FullyScrambled+Lemma,0.00819672131147541,0.01912568306010929,0.16666666666666666,0.226775956284153,366,123,xlm-roberta-base
xlm-roberta-base,en_ewt,HeadScrambled,0.07377049180327869,0.15300546448087432,0.10655737704918032,0.12568306010928962,366,123,xlm-roberta-base
xlm-roberta-base,en_ewt,PartiallyScrambled,0.14754098360655737,0.27595628415300544,0.09016393442622951,0.09836065573770492,366,123,xlm-roberta-base
xlm-roberta-base,en_ewt,PartiallyScrambled+Lemma,0.09289617486338798,0.19398907103825136,0.11202185792349727,0.15027322404371585,366,123,xlm-roberta-base
xlm-roberta-base,de_gsd,Original,0.3225,0.495,0.0875,0.0425,400,123,xlm-roberta-base
xlm-roberta-base,de_gsd,Original+Lemma,0.125,0.255,0.1125,0.07,400,123,xlm-roberta-base
xlm-roberta-base,de_gsd,FullyScrambled,0.0125,0.0325,0.21,0.105,400,123,xlm-roberta-base
xlm-roberta-base,de_gsd,FullyScrambled+Lemma,0.015,0.03,0.2075,0.1275,400,123,xlm-roberta-base
xlm-roberta-base,de_gsd,HeadScrambled,0.145,0.2725,0.09,0.06,400,123,xlm-roberta-base
xlm-roberta-base,de_gsd,PartiallyScrambled,0.1925,0.325,0.1075,0.0575,400,123,xlm-roberta-base
xlm-roberta-base,de_gsd,PartiallyScrambled+Lemma,0.075,0.165,0.12,0.11,400,123,xlm-roberta-base
xlm-roberta-base,es_ancora,Original,0.3358395989974937,0.5213032581453634,0.06516290726817042,0.045112781954887216,399,123,xlm-roberta-base
xlm-roberta-base,es_ancora,Original+Lemma,0.18546365914786966,0.2882205513784461,0.07268170426065163,0.11027568922305764,399,123,xlm-roberta-base
xlm-roberta-base,es_ancora,FullyScrambled,0.005012531328320802,0.045112781954887216,0.13784461152882205,0.3057644110275689,399,123,xlm-roberta-base
xlm-roberta-base,es_ancora,FullyScrambled+Lemma,0.005012531328320802,0.02506265664160401,0.12030075187969924,0.37343358395989973,399,123,xlm-roberta-base
xlm-roberta-base,es_ancora,HeadScrambled,0.10275689223057644,0.19548872180451127,0.08521303258145363,0.14035087719298245,399,123,xlm-roberta-base
xlm-roberta-base,es_ancora,PartiallyScrambled,0.17042606516290726,0.2781954887218045,0.08521303258145363,0.10526315789473684,399,123,xlm-roberta-base
xlm-roberta-base,es_ancora,PartiallyScrambled+Lemma,0.08771929824561403,0.17042606516290726,0.09523809523809523,0.16791979949874686,399,123,xlm-roberta-base
xlm-roberta-base,ru_syntagrus,Original,0.2828282828282828,0.4318181818181818,0.047979797979797977,0.04292929292929293,396,123,xlm-roberta-base
xlm-roberta-base,ru_syntagrus,Original+Lemma,0.09090909090909091,0.19444444444444445,0.08838383838383838,0.05303030303030303,396,123,xlm-roberta-base
xlm-roberta-base,ru_syntagrus,FullyScrambled,0.0025252525252525255,0.012626262626262626,0.23232323232323232,0.10353535353535354,396,123,xlm-roberta-base
xlm-roberta-base,ru_syntagrus,FullyScrambled+Lemma,0.005050505050505051,0.015151515151515152,0.2777777777777778,0.10606060606060606,396,123,xlm-roberta-base
xlm-roberta-base,ru_syntagrus,HeadScrambled,0.0707070707070707,0.14646464646464646,0.13636363636363635,0.06565656565656566,396,123,xlm-roberta-base
xlm-roberta-base,ru_syntagrus,PartiallyScrambled,0.12121212121212122,0.18686868686868688,0.09090909090909091,0.06313131313131314,396,123,xlm-roberta-base
xlm-roberta-base,ru_syntagrus,PartiallyScrambled+Lemma,0.047979797979797977,0.10606060606060606,0.12121212121212122,0.06313131313131314,396,123,xlm-roberta-base
xlm-roberta-base,tr_imst,Original,0.08125,0.18125,0.3875,0.03125,160,123,xlm-roberta-base
xlm-roberta-base,tr_imst,Original+Lemma,0.03125,0.05,0.40625,0.09375,160,123,xlm-roberta-base
xlm-roberta-base,tr_imst,FullyScrambled,0.0,0.00625,0.4,0.05625,160,123,xlm-roberta-base
xlm-roberta-base,tr_imst,FullyScrambled+Lemma,0.0,0.00625,0.325,0.03125,160,123,xlm-roberta-base
xlm-roberta-base,tr_imst,HeadScrambled,0.01875,0.06875,0.275,0.03125,160,123,xlm-roberta-base
xlm-roberta-base,tr_imst,PartiallyScrambled,0.0625,0.0875,0.275,0.05,160,123,xlm-roberta-base
xlm-roberta-base,tr_imst,PartiallyScrambled+Lemma,0.0,0.025,0.25625,0.1,160,123,xlm-roberta-base
xlm-roberta-base,zh_gsd,Original,0.335,0.495,0.0075,0.0,400,123,xlm-roberta-base
xlm-roberta-base,zh_gsd,Original+Lemma,0.325,0.4825,0.0075,0.0,400,123,xlm-roberta-base
xlm-roberta-base,zh_gsd,FullyScrambled,0.02,0.0775,0.075,0.0,400,123,xlm-roberta-base
xlm-roberta-base,zh_gsd,FullyScrambled+Lemma,0.0225,0.075,0.075,0.0,400,123,xlm-roberta-base
xlm-roberta-base,zh_gsd,HeadScrambled,0.115,0.205,0.0225,0.0,400,123,xlm-roberta-base
xlm-roberta-base,zh_gsd,PartiallyScrambled,0.115,0.2425,0.0075,0.0,400,123,xlm-roberta-base
xlm-roberta-base,zh_gsd,PartiallyScrambled+Lemma,0.11,0.2375,0.0075,0.0,400,123,xlm-roberta-base
xlm-roberta-base,en_ewt,Original,0.32065217391304346,0.483695652173913,0.08152173913043478,0.051630434782608696,368,456,xlm-roberta-base
xlm-roberta-base,en_ewt,Original+Lemma,0.24456521739130435,0.39945652173913043,0.09239130434782608,0.08423913043478261,368,456,xlm-roberta-base
xlm-roberta-base,en_ewt,FullyScrambled,0.016304347826086956,0.03804347826086957,0.15760869565217392,0.19293478260869565,368,456,xlm-roberta-base
xlm-roberta-base,en_ewt,FullyScrambled+Lemma,0.010869565217391304,0.043478260869565216,0.13858695652173914,0.22554347826086957,368,456,xlm-roberta-base
xlm-roberta-base,en_ewt,HeadScrambled,0.09239130434782608,0.18206521739130435,0.10326086956521739,0.12228260869565218,368,456,xlm-roberta-base
xlm-roberta-base,en_ewt,PartiallyScrambled,0.20380434782608695,0.28532608695652173,0.09510869565217392,0.08967391304347826,368,456,xlm-roberta-base
xlm-roberta-base,en_ewt,PartiallyScrambled+Lemma,0.1331521739130435,0.24456521739130435,0.09782608695652174,0.12771739130434784,368,456,xlm-roberta-base
xlm-roberta-base,de_gsd,Original,0.2875,0.5025,0.11,0.04,400,456,xlm-roberta-base
xlm-roberta-base,de_gsd,Original+Lemma,0.1075,0.2425,0.1225,0.06,400,456,xlm-roberta-base
xlm-roberta-base,de_gsd,FullyScrambled,0.0075,0.0275,0.14,0.1275,400,456,xlm-roberta-base
xlm-roberta-base,de_gsd,FullyScrambled+Lemma,0.005,0.015,0.155,0.15,400,456,xlm-roberta-base
xlm-roberta-base,de_gsd,HeadScrambled,0.1225,0.2725,0.08,0.09,400,456,xlm-roberta-base
xlm-roberta-base,de_gsd,PartiallyScrambled,0.17,0.3125,0.1475,0.065,400,456,xlm-roberta-base
xlm-roberta-base,de_gsd,PartiallyScrambled+Lemma,0.075,0.1675,0.145,0.08,400,456,xlm-roberta-base
xlm-roberta-base,es_ancora,Original,0.3583959899749373,0.5213032581453634,0.05263157894736842,0.05513784461152882,399,456,xlm-roberta-base
xlm-roberta-base,es_ancora,Original+Lemma,0.20551378446115287,0.3433583959899749,0.06015037593984962,0.08521303258145363,399,456,xlm-roberta-base
xlm-roberta-base,es_ancora,FullyScrambled,0.005012531328320802,0.02756892230576441,0.14285714285714285,0.2631578947368421,399,456,xlm-roberta-base
xlm-roberta-base,es_ancora,FullyScrambled+Lemma,0.002506265664160401,0.03508771929824561,0.13533834586466165,0.3333333333333333,399,456,xlm-roberta-base
xlm-roberta-base,es_ancora,HeadScrambled,0.08771929824561403,0.18295739348370926,0.09774436090225563,0.12280701754385964,399,456,xlm-roberta-base
xlm-roberta-base,es_ancora,PartiallyScrambled,0.16791979949874686,0.2606516290726817,0.08270676691729323,0.11779448621553884,399,456,xlm-roberta-base
xlm-roberta-base,es_ancora,PartiallyScrambled+Lemma,0.09774436090225563,0.19799498746867167,0.07268170426065163,0.17293233082706766,399,456,xlm-roberta-base
xlm-roberta-base,ru_syntagrus,Original,0.33080808080808083,0.44696969696969696,0.050505050505050504,0.017676767676767676,396,456,xlm-roberta-base
xlm-roberta-base,ru_syntagrus,Original+Lemma,0.10858585858585859,0.19696969696969696,0.07575757575757576,0.05808080808080808,396,456,xlm-roberta-base
xlm-roberta-base,ru_syntagrus,FullyScrambled,0.005050505050505051,0.020202020202020204,0.23484848484848486,0.09090909090909091,396,456,xlm-roberta-base
xlm-roberta-base,ru_syntagrus,FullyScrambled+Lemma,0.0,0.005050505050505051,0.23737373737373738,0.11616161616161616,396,456,xlm-roberta-base
xlm-roberta-base,ru_syntagrus,HeadScrambled,0.10353535353535354,0.17929292929292928,0.16666666666666666,0.06060606060606061,396,456,xlm-roberta-base
xlm-roberta-base,ru_syntagrus,PartiallyScrambled,0.1414141414141414,0.23232323232323232,0.10606060606060606,0.05303030303030303,396,456,xlm-roberta-base
xlm-roberta-base,ru_syntagrus,PartiallyScrambled+Lemma,0.05303030303030303,0.1111111111111111,0.13383838383838384,0.08838383838383838,396,456,xlm-roberta-base
xlm-roberta-base,tr_imst,Original,0.10526315789473684,0.15789473684210525,0.34868421052631576,0.019736842105263157,152,456,xlm-roberta-base
xlm-roberta-base,tr_imst,Original+Lemma,0.03289473684210526,0.05921052631578947,0.3618421052631579,0.05921052631578947,152,456,xlm-roberta-base
xlm-roberta-base,tr_imst,FullyScrambled,0.0,0.02631578947368421,0.4276315789473684,0.019736842105263157,152,456,xlm-roberta-base
xlm-roberta-base,tr_imst,FullyScrambled+Lemma,0.0,0.019736842105263157,0.3026315789473684,0.046052631578947366,152,456,xlm-roberta-base
xlm-roberta-base,tr_imst,HeadScrambled,0.03289473684210526,0.06578947368421052,0.3157894736842105,0.02631578947368421,152,456,xlm-roberta-base
xlm-roberta-base,tr_imst,PartiallyScrambled,0.03289473684210526,0.06578947368421052,0.2894736842105263,0.05921052631578947,152,456,xlm-roberta-base
xlm-roberta-base,tr_imst,PartiallyScrambled+Lemma,0.013157894736842105,0.046052631578947366,0.28289473684210525,0.1118421052631579,152,456,xlm-roberta-base
xlm-roberta-base,zh_gsd,Original,0.3125,0.5025,0.0,0.0,400,456,xlm-roberta-base
xlm-roberta-base,zh_gsd,Original+Lemma,0.305,0.4975,0.0,0.0,400,456,xlm-roberta-base
xlm-roberta-base,zh_gsd,FullyScrambled,0.0175,0.0575,0.0525,0.0,400,456,xlm-roberta-base
xlm-roberta-base,zh_gsd,FullyScrambled+Lemma,0.0175,0.0625,0.05,0.0,400,456,xlm-roberta-base
xlm-roberta-base,zh_gsd,HeadScrambled,0.1225,0.21,0.01,0.0,400,456,xlm-roberta-base
xlm-roberta-base,zh_gsd,PartiallyScrambled,0.1375,0.2975,0.0075,0.0,400,456,xlm-roberta-base
xlm-roberta-base,zh_gsd,PartiallyScrambled+Lemma,0.1375,0.295,0.0075,0.0,400,456,xlm-roberta-base
xlm-roberta-base,en_ewt,Original,0.3024523160762943,0.47411444141689374,0.05449591280653951,0.06267029972752043,367,789,xlm-roberta-base
xlm-roberta-base,en_ewt,Original+Lemma,0.21798365122615804,0.3869209809264305,0.08446866485013624,0.09536784741144415,367,789,xlm-roberta-base
xlm-roberta-base,en_ewt,FullyScrambled,0.005449591280653951,0.021798365122615803,0.1771117166212534,0.1771117166212534,367,789,xlm-roberta-base
xlm-roberta-base,en_ewt,FullyScrambled+Lemma,0.0027247956403269754,0.027247956403269755,0.1907356948228883,0.21798365122615804,367,789,xlm-roberta-base
xlm-roberta-base,en_ewt,HeadScrambled,0.07901907356948229,0.18256130790190736,0.11171662125340599,0.11989100817438691,367,789,xlm-roberta-base
xlm-roberta-base,en_ewt,PartiallyScrambled,0.16621253405994552,0.2970027247956403,0.07356948228882834,0.10626702997275204,367,789,xlm-roberta-base
xlm-roberta-base,en_ewt,PartiallyScrambled+Lemma,0.1226158038147139,0.24795640326975477,0.09809264305177112,0.12534059945504086,367,789,xlm-roberta-base
xlm-roberta-base,de_gsd,Original,0.3375,0.51,0.075,0.0225,400,789,xlm-roberta-base
xlm-roberta-base,de_gsd,Original+Lemma,0.15,0.2925,0.1025,0.07,400,789,xlm-roberta-base
xlm-roberta-base,de_gsd,FullyScrambled,0.0125,0.0325,0.2,0.1,400,789,xlm-roberta-base
xlm-roberta-base,de_gsd,FullyScrambled+Lemma,0.0075,0.03,0.2,0.165,400,789,xlm-roberta-base
xlm-roberta-base,de_gsd,HeadScrambled,0.1675,0.29,0.1025,0.06,400,789,xlm-roberta-base
xlm-roberta-base,de_gsd,PartiallyScrambled,0.195,0.295,0.0925,0.0475,400,789,xlm-roberta-base
xlm-roberta-base,de_gsd,PartiallyScrambled+Lemma,0.0775,0.165,0.1175,0.1025,400,789,xlm-roberta-base
xlm-roberta-base,es_ancora,Original,0.3383458646616541,0.5012531328320802,0.06766917293233082,0.047619047619047616,399,789,xlm-roberta-base
xlm-roberta-base,es_ancora,Original+Lemma,0.18045112781954886,0.3082706766917293,0.07769423558897243,0.11027568922305764,399,789,xlm-roberta-base
xlm-roberta-base,es_ancora,FullyScrambled,0.012531328320802004,0.047619047619047616,0.16541353383458646,0.2756892230576441,399,789,xlm-roberta-base
xlm-roberta-base,es_ancora,FullyScrambled+Lemma,0.010025062656641603,0.042606516290726815,0.14536340852130325,0.2932330827067669,399,789,xlm-roberta-base
xlm-roberta-base,es_ancora,HeadScrambled,0.10025062656641603,0.19799498746867167,0.06766917293233082,0.12280701754385964,399,789,xlm-roberta-base
xlm-roberta-base,es_ancora,PartiallyScrambled,0.17543859649122806,0.2982456140350877,0.07017543859649122,0.09774436090225563,399,789,xlm-roberta-base
xlm-roberta-base,es_ancora,PartiallyScrambled+Lemma,0.09523809523809523,0.18295739348370926,0.09774436090225563,0.13784461152882205,399,789,xlm-roberta-base
xlm-roberta-base,ru_syntagrus,Original,0.29292929292929293,0.4595959595959596,0.04292929292929293,0.020202020202020204,396,789,xlm-roberta-base
xlm-roberta-base,ru_syntagrus,Original+Lemma,0.12626262626262627,0.23232323232323232,0.09848484848484848,0.04040404040404041,396,789,xlm-roberta-base
xlm-roberta-base,ru_syntagrus,FullyScrambled,0.012626262626262626,0.03282828282828283,0.26515151515151514,0.08585858585858586,396,789,xlm-roberta-base
xlm-roberta-base,ru_syntagrus,FullyScrambled+Lemma,0.015151515151515152,0.030303030303030304,0.29292929292929293,0.10101010101010101,396,789,xlm-roberta-base
xlm-roberta-base,ru_syntagrus,HeadScrambled,0.07828282828282829,0.14898989898989898,0.12626262626262627,0.07575757575757576,396,789,xlm-roberta-base
xlm-roberta-base,ru_syntagrus,PartiallyScrambled,0.14646464646464646,0.2222222222222222,0.10101010101010101,0.05555555555555555,396,789,xlm-roberta-base
xlm-roberta-base,ru_syntagrus,PartiallyScrambled+Lemma,0.06818181818181818,0.11868686868686869,0.13383838383838384,0.06818181818181818,396,789,xlm-roberta-base
xlm-roberta-base,tr_imst,Original,0.06289308176100629,0.11949685534591195,0.41509433962264153,0.031446540880503145,159,789,xlm-roberta-base
xlm-roberta-base,tr_imst,Original+Lemma,0.006289308176100629,0.031446540880503145,0.3333333333333333,0.0880503144654088,159,789,xlm-roberta-base
xlm-roberta-base,tr_imst,FullyScrambled,0.0,0.012578616352201259,0.42138364779874216,0.031446540880503145,159,789,xlm-roberta-base
xlm-roberta-base,tr_imst,FullyScrambled+Lemma,0.006289308176100629,0.012578616352201259,0.2578616352201258,0.06289308176100629,159,789,xlm-roberta-base
xlm-roberta-base,tr_imst,HeadScrambled,0.012578616352201259,0.03773584905660377,0.3522012578616352,0.025157232704402517,159,789,xlm-roberta-base
xlm-roberta-base,tr_imst,PartiallyScrambled,0.05660377358490566,0.07547169811320754,0.29559748427672955,0.03773584905660377,159,789,xlm-roberta-base
xlm-roberta-base,tr_imst,PartiallyScrambled+Lemma,0.018867924528301886,0.031446540880503145,0.2893081761006289,0.10062893081761007,159,789,xlm-roberta-base
xlm-roberta-base,zh_gsd,Original,0.325,0.51,0.005,0.0,400,789,xlm-roberta-base
xlm-roberta-base,zh_gsd,Original+Lemma,0.3325,0.5125,0.005,0.0,400,789,xlm-roberta-base
xlm-roberta-base,zh_gsd,FullyScrambled,0.025,0.065,0.0525,0.0,400,789,xlm-roberta-base
xlm-roberta-base,zh_gsd,FullyScrambled+Lemma,0.025,0.0675,0.055,0.0,400,789,xlm-roberta-base
xlm-roberta-base,zh_gsd,HeadScrambled,0.11,0.215,0.02,0.0,400,789,xlm-roberta-base
xlm-roberta-base,zh_gsd,PartiallyScrambled,0.15,0.295,0.01,0.0,400,789,xlm-roberta-base
xlm-roberta-base,zh_gsd,PartiallyScrambled+Lemma,0.15,0.2925,0.01,0.0,400,789,xlm-roberta-base
google/rembert,en_ewt,Original,0.0,0.0,0.00273224043715847,0.0,366,123,google/rembert
google/rembert,en_ewt,Original+Lemma,0.0,0.0,0.0,0.0,366,123,google/rembert
google/rembert,en_ewt,FullyScrambled,0.0,0.0,0.0,0.0,366,123,google/rembert
google/rembert,en_ewt,FullyScrambled+Lemma,0.0,0.0,0.0,0.0,366,123,google/rembert
google/rembert,en_ewt,HeadScrambled,0.0,0.0,0.0,0.0,366,123,google/rembert
google/rembert,en_ewt,PartiallyScrambled,0.0,0.0,0.0,0.0,366,123,google/rembert
google/rembert,en_ewt,PartiallyScrambled+Lemma,0.0,0.0,0.0,0.0,366,123,google/rembert
google/rembert,de_gsd,Original,0.0,0.0,0.0,0.0,400,123,google/rembert
google/rembert,de_gsd,Original+Lemma,0.0,0.0,0.0,0.0,400,123,google/rembert
google/rembert,de_gsd,FullyScrambled,0.0,0.0,0.0,0.0,400,123,google/rembert
google/rembert,de_gsd,FullyScrambled+Lemma,0.0,0.0,0.0,0.0,400,123,google/rembert
google/rembert,de_gsd,HeadScrambled,0.0,0.0,0.0,0.0,400,123,google/rembert
google/rembert,de_gsd,PartiallyScrambled,0.0,0.0,0.0,0.0,400,123,google/rembert
google/rembert,de_gsd,PartiallyScrambled+Lemma,0.0,0.0,0.0,0.0025,400,123,google/rembert
google/rembert,es_ancora,Original,0.0,0.0,0.0,0.0,399,123,google/rembert
google/rembert,es_ancora,Original+Lemma,0.0,0.0,0.0,0.0,399,123,google/rembert
google/rembert,es_ancora,FullyScrambled,0.0,0.0,0.0,0.002506265664160401,399,123,google/rembert
google/rembert,es_ancora,FullyScrambled+Lemma,0.0,0.0,0.0,0.0,399,123,google/rembert
google/rembert,es_ancora,HeadScrambled,0.0,0.0,0.0,0.0,399,123,google/rembert
google/rembert,es_ancora,PartiallyScrambled,0.0,0.0,0.0,0.0,399,123,google/rembert
google/rembert,es_ancora,PartiallyScrambled+Lemma,0.0,0.0,0.0,0.002506265664160401,399,123,google/rembert
google/rembert,ru_syntagrus,Original,0.0,0.0,0.0,0.0,396,123,google/rembert
google/rembert,ru_syntagrus,Original+Lemma,0.0,0.0,0.0,0.0,396,123,google/rembert
google/rembert,ru_syntagrus,FullyScrambled,0.0,0.0,0.0,0.0,396,123,google/rembert
google/rembert,ru_syntagrus,FullyScrambled+Lemma,0.0,0.0,0.0,0.0,396,123,google/rembert
google/rembert,ru_syntagrus,HeadScrambled,0.0,0.0,0.0,0.0,396,123,google/rembert
google/rembert,ru_syntagrus,PartiallyScrambled,0.0,0.0,0.0,0.0,396,123,google/rembert
google/rembert,ru_syntagrus,PartiallyScrambled+Lemma,0.0,0.0,0.0,0.0,396,123,google/rembert
google/rembert,tr_imst,Original,0.0,0.0,0.0,0.0,160,123,google/rembert
google/rembert,tr_imst,Original+Lemma,0.0,0.0,0.0,0.0,160,123,google/rembert
google/rembert,tr_imst,FullyScrambled,0.0,0.0,0.0,0.0,160,123,google/rembert
google/rembert,tr_imst,FullyScrambled+Lemma,0.0,0.0,0.0,0.0,160,123,google/rembert
google/rembert,tr_imst,HeadScrambled,0.0,0.0,0.0,0.0,160,123,google/rembert
google/rembert,tr_imst,PartiallyScrambled,0.0,0.0,0.0,0.0,160,123,google/rembert
google/rembert,tr_imst,PartiallyScrambled+Lemma,0.0,0.0,0.0,0.0,160,123,google/rembert
google/rembert,zh_gsd,Original,0.0,0.0,0.0,0.0,400,123,google/rembert
google/rembert,zh_gsd,Original+Lemma,0.0,0.0,0.0,0.0,400,123,google/rembert
google/rembert,zh_gsd,FullyScrambled,0.0,0.0,0.0,0.0,400,123,google/rembert
google/rembert,zh_gsd,FullyScrambled+Lemma,0.0,0.0,0.0,0.0,400,123,google/rembert
google/rembert,zh_gsd,HeadScrambled,0.0,0.0,0.0,0.0,400,123,google/rembert
google/rembert,zh_gsd,PartiallyScrambled,0.0,0.0,0.0,0.0,400,123,google/rembert
google/rembert,zh_gsd,PartiallyScrambled+Lemma,0.0,0.0,0.0,0.0,400,123,google/rembert
google/rembert,en_ewt,Original,0.0,0.0,0.0,0.0,368,456,google/rembert
google/rembert,en_ewt,Original+Lemma,0.0,0.0,0.0,0.005434782608695652,368,456,google/rembert
google/rembert,en_ewt,FullyScrambled,0.0,0.0,0.0,0.0,368,456,google/rembert
google/rembert,en_ewt,FullyScrambled+Lemma,0.0,0.0,0.0,0.0,368,456,google/rembert
google/rembert,en_ewt,HeadScrambled,0.0,0.0,0.0,0.0,368,456,google/rembert
google/rembert,en_ewt,PartiallyScrambled,0.0,0.0,0.0,0.0,368,456,google/rembert
google/rembert,en_ewt,PartiallyScrambled+Lemma,0.0,0.0,0.0,0.002717391304347826,368,456,google/rembert
google/rembert,de_gsd,Original,0.0,0.0,0.0,0.0,400,456,google/rembert
google/rembert,de_gsd,Original+Lemma,0.0,0.0,0.0,0.0,400,456,google/rembert
google/rembert,de_gsd,FullyScrambled,0.0,0.0,0.0,0.0,400,456,google/rembert
google/rembert,de_gsd,FullyScrambled+Lemma,0.0,0.0,0.0,0.0,400,456,google/rembert
google/rembert,de_gsd,HeadScrambled,0.0,0.0,0.0,0.0,400,456,google/rembert
google/rembert,de_gsd,PartiallyScrambled,0.0,0.0,0.0,0.0,400,456,google/rembert
google/rembert,de_gsd,PartiallyScrambled+Lemma,0.0,0.0,0.0,0.0,400,456,google/rembert
google/rembert,es_ancora,Original,0.0,0.0,0.0,0.0,399,456,google/rembert
google/rembert,es_ancora,Original+Lemma,0.0,0.0,0.0,0.0,399,456,google/rembert
google/rembert,es_ancora,FullyScrambled,0.0,0.0,0.0,0.0,399,456,google/rembert
google/rembert,es_ancora,FullyScrambled+Lemma,0.0,0.0,0.0,0.0,399,456,google/rembert
google/rembert,es_ancora,HeadScrambled,0.0,0.0,0.0,0.0,399,456,google/rembert
google/rembert,es_ancora,PartiallyScrambled,0.0,0.0,0.0,0.0,399,456,google/rembert
google/rembert,es_ancora,PartiallyScrambled+Lemma,0.0,0.0,0.0,0.0,399,456,google/rembert
google/rembert,ru_syntagrus,Original,0.0,0.0,0.0,0.0,396,456,google/rembert
google/rembert,ru_syntagrus,Original+Lemma,0.0,0.0,0.0,0.0,396,456,google/rembert
google/rembert,ru_syntagrus,FullyScrambled,0.0,0.0,0.0,0.0,396,456,google/rembert
google/rembert,ru_syntagrus,FullyScrambled+Lemma,0.0,0.0,0.0,0.0,396,456,google/rembert
google/rembert,ru_syntagrus,HeadScrambled,0.0,0.0,0.0,0.0,396,456,google/rembert
google/rembert,ru_syntagrus,PartiallyScrambled,0.0,0.0,0.0,0.0,396,456,google/rembert
google/rembert,ru_syntagrus,PartiallyScrambled+Lemma,0.0,0.0,0.0,0.0,396,456,google/rembert
google/rembert,tr_imst,Original,0.0,0.0,0.0,0.0,152,456,google/rembert
google/rembert,tr_imst,Original+Lemma,0.0,0.0,0.0,0.0,152,456,google/rembert
google/rembert,tr_imst,FullyScrambled,0.0,0.0,0.0,0.0,152,456,google/rembert
google/rembert,tr_imst,FullyScrambled+Lemma,0.0,0.0,0.0,0.0,152,456,google/rembert
google/rembert,tr_imst,HeadScrambled,0.0,0.0,0.0,0.0,152,456,google/rembert
google/rembert,tr_imst,PartiallyScrambled,0.0,0.0,0.0,0.0,152,456,google/rembert
google/rembert,tr_imst,PartiallyScrambled+Lemma,0.0,0.0,0.0,0.0,152,456,google/rembert
google/rembert,zh_gsd,Original,0.0,0.0,0.0,0.0,400,456,google/rembert
google/rembert,zh_gsd,Original+Lemma,0.0,0.0,0.0,0.0,400,456,google/rembert
google/rembert,zh_gsd,FullyScrambled,0.0,0.0,0.0,0.0,400,456,google/rembert
google/rembert,zh_gsd,FullyScrambled+Lemma,0.0,0.0,0.0,0.0,400,456,google/rembert
google/rembert,zh_gsd,HeadScrambled,0.0,0.0,0.0,0.0,400,456,google/rembert
google/rembert,zh_gsd,PartiallyScrambled,0.0,0.0,0.0,0.0,400,456,google/rembert
google/rembert,zh_gsd,PartiallyScrambled+Lemma,0.0,0.0,0.0,0.0,400,456,google/rembert
google/rembert,en_ewt,Original,0.0,0.0,0.0,0.0,367,789,google/rembert
google/rembert,en_ewt,Original+Lemma,0.0,0.0,0.0,0.0,367,789,google/rembert
google/rembert,en_ewt,FullyScrambled,0.0,0.0,0.0,0.0,367,789,google/rembert
google/rembert,en_ewt,FullyScrambled+Lemma,0.0,0.0,0.0,0.0,367,789,google/rembert
google/rembert,en_ewt,HeadScrambled,0.0,0.0,0.0,0.0,367,789,google/rembert
google/rembert,en_ewt,PartiallyScrambled,0.0,0.0,0.0,0.0,367,789,google/rembert
google/rembert,en_ewt,PartiallyScrambled+Lemma,0.0,0.0,0.0,0.0,367,789,google/rembert
google/rembert,de_gsd,Original,0.0,0.0,0.0,0.0,400,789,google/rembert
google/rembert,de_gsd,Original+Lemma,0.0,0.0,0.0,0.0,400,789,google/rembert
google/rembert,de_gsd,FullyScrambled,0.0,0.0,0.0,0.0,400,789,google/rembert
google/rembert,de_gsd,FullyScrambled+Lemma,0.0,0.0,0.0,0.0,400,789,google/rembert
google/rembert,de_gsd,HeadScrambled,0.0,0.0,0.0,0.0,400,789,google/rembert
google/rembert,de_gsd,PartiallyScrambled,0.0,0.0,0.0,0.0,400,789,google/rembert
google/rembert,de_gsd,PartiallyScrambled+Lemma,0.0,0.0,0.0,0.0,400,789,google/rembert
google/rembert,es_ancora,Original,0.0,0.0,0.0,0.0,399,789,google/rembert
google/rembert,es_ancora,Original+Lemma,0.0,0.0,0.0,0.0,399,789,google/rembert
google/rembert,es_ancora,FullyScrambled,0.0,0.0,0.0,0.0,399,789,google/rembert
google/rembert,es_ancora,FullyScrambled+Lemma,0.0,0.0,0.0,0.0,399,789,google/rembert
google/rembert,es_ancora,HeadScrambled,0.0,0.0,0.0,0.0,399,789,google/rembert
google/rembert,es_ancora,PartiallyScrambled,0.0,0.0,0.0,0.0,399,789,google/rembert
google/rembert,es_ancora,PartiallyScrambled+Lemma,0.0,0.0,0.0,0.0,399,789,google/rembert
google/rembert,ru_syntagrus,Original,0.0,0.0,0.0,0.0,396,789,google/rembert
google/rembert,ru_syntagrus,Original+Lemma,0.0,0.0,0.0,0.007575757575757576,396,789,google/rembert
google/rembert,ru_syntagrus,FullyScrambled,0.0,0.0,0.0,0.0,396,789,google/rembert
google/rembert,ru_syntagrus,FullyScrambled+Lemma,0.0,0.0,0.0,0.0025252525252525255,396,789,google/rembert
google/rembert,ru_syntagrus,HeadScrambled,0.0,0.0,0.0,0.0025252525252525255,396,789,google/rembert
google/rembert,ru_syntagrus,PartiallyScrambled,0.0,0.0,0.0,0.0025252525252525255,396,789,google/rembert
google/rembert,ru_syntagrus,PartiallyScrambled+Lemma,0.0,0.0,0.0,0.0,396,789,google/rembert
google/rembert,tr_imst,Original,0.0,0.0,0.0,0.0,159,789,google/rembert
google/rembert,tr_imst,Original+Lemma,0.0,0.0,0.0,0.0,159,789,google/rembert
google/rembert,tr_imst,FullyScrambled,0.0,0.0,0.0,0.0,159,789,google/rembert
google/rembert,tr_imst,FullyScrambled+Lemma,0.0,0.0,0.0,0.0,159,789,google/rembert
google/rembert,tr_imst,HeadScrambled,0.0,0.0,0.0,0.0,159,789,google/rembert
google/rembert,tr_imst,PartiallyScrambled,0.0,0.0,0.0,0.0,159,789,google/rembert
google/rembert,tr_imst,PartiallyScrambled+Lemma,0.0,0.0,0.0,0.0,159,789,google/rembert
google/rembert,zh_gsd,Original,0.0,0.0,0.0,0.0,400,789,google/rembert
google/rembert,zh_gsd,Original+Lemma,0.0,0.0,0.0,0.0,400,789,google/rembert
google/rembert,zh_gsd,FullyScrambled,0.0,0.0,0.0,0.0,400,789,google/rembert
google/rembert,zh_gsd,FullyScrambled+Lemma,0.0,0.0,0.0,0.0,400,789,google/rembert
google/rembert,zh_gsd,HeadScrambled,0.0,0.0,0.0,0.0,400,789,google/rembert
google/rembert,zh_gsd,PartiallyScrambled,0.0,0.0,0.0,0.0,400,789,google/rembert
google/rembert,zh_gsd,PartiallyScrambled+Lemma,0.0,0.0,0.0,0.0,400,789,google/rembert
