model_name,lang,condition,word_at_1,word_at_5,pred_punct_rate,pred_stop_rate,N,run_seed,run_model
bert-base-multilingual-cased,en_ewt,Original,0.2054794520547945,0.3972602739726027,0.04657534246575343,0.08767123287671233,365,123,bert-base-multilingual-cased
bert-base-multilingual-cased,en_ewt,Original+Lemma,0.12534059945504086,0.29155313351498635,0.0681198910081744,0.1307901907356948,367,123,bert-base-multilingual-cased
bert-base-multilingual-cased,en_ewt,FullyScrambled,0.00821917808219178,0.019178082191780823,0.2602739726027397,0.13972602739726028,365,123,bert-base-multilingual-cased
bert-base-multilingual-cased,en_ewt,FullyScrambled+Lemma,0.008174386920980926,0.02452316076294278,0.22615803814713897,0.18256130790190736,367,123,bert-base-multilingual-cased
bert-base-multilingual-cased,en_ewt,HeadScrambled,0.06027397260273973,0.13150684931506848,0.13972602739726028,0.1589041095890411,365,123,bert-base-multilingual-cased
bert-base-multilingual-cased,en_ewt,PartiallyScrambled,0.1095890410958904,0.2328767123287671,0.09863013698630137,0.12876712328767123,365,123,bert-base-multilingual-cased
bert-base-multilingual-cased,en_ewt,PartiallyScrambled+Lemma,0.05994550408719346,0.1771117166212534,0.08446866485013624,0.18528610354223432,367,123,bert-base-multilingual-cased
bert-base-multilingual-cased,de_gsd,Original,0.1575,0.28,0.045,0.055,400,123,bert-base-multilingual-cased
bert-base-multilingual-cased,de_gsd,Original+Lemma,0.0825,0.155,0.1025,0.0725,400,123,bert-base-multilingual-cased
bert-base-multilingual-cased,de_gsd,FullyScrambled,0.0025,0.02,0.2325,0.0875,400,123,bert-base-multilingual-cased
bert-base-multilingual-cased,de_gsd,FullyScrambled+Lemma,0.0025,0.0125,0.23,0.1125,400,123,bert-base-multilingual-cased
bert-base-multilingual-cased,de_gsd,HeadScrambled,0.0825,0.1625,0.1,0.095,400,123,bert-base-multilingual-cased
bert-base-multilingual-cased,de_gsd,PartiallyScrambled,0.1025,0.1825,0.08,0.0525,400,123,bert-base-multilingual-cased
bert-base-multilingual-cased,de_gsd,PartiallyScrambled+Lemma,0.05,0.0925,0.105,0.0925,400,123,bert-base-multilingual-cased
bert-base-multilingual-cased,es_ancora,Original,0.2506265664160401,0.42105263157894735,0.042606516290726815,0.08270676691729323,399,123,bert-base-multilingual-cased
bert-base-multilingual-cased,es_ancora,Original+Lemma,0.17293233082706766,0.2731829573934837,0.03508771929824561,0.10275689223057644,399,123,bert-base-multilingual-cased
bert-base-multilingual-cased,es_ancora,FullyScrambled,0.002506265664160401,0.03007518796992481,0.17543859649122806,0.19799498746867167,399,123,bert-base-multilingual-cased
bert-base-multilingual-cased,es_ancora,FullyScrambled+Lemma,0.010025062656641603,0.03508771929824561,0.19047619047619047,0.23558897243107768,399,123,bert-base-multilingual-cased
bert-base-multilingual-cased,es_ancora,HeadScrambled,0.07518796992481203,0.17293233082706766,0.09022556390977443,0.14786967418546365,399,123,bert-base-multilingual-cased
bert-base-multilingual-cased,es_ancora,PartiallyScrambled,0.15288220551378445,0.2731829573934837,0.07769423558897243,0.12531328320802004,399,123,bert-base-multilingual-cased
bert-base-multilingual-cased,es_ancora,PartiallyScrambled+Lemma,0.09273182957393483,0.16791979949874686,0.07518796992481203,0.14536340852130325,399,123,bert-base-multilingual-cased
bert-base-multilingual-cased,ru_syntagrus,Original,0.23096446700507614,0.39593908629441626,0.025380710659898477,0.025380710659898477,394,123,bert-base-multilingual-cased
bert-base-multilingual-cased,ru_syntagrus,Original+Lemma,0.09367088607594937,0.15443037974683543,0.04050632911392405,0.04556962025316456,395,123,bert-base-multilingual-cased
bert-base-multilingual-cased,ru_syntagrus,FullyScrambled,0.0,0.012690355329949238,0.1649746192893401,0.050761421319796954,394,123,bert-base-multilingual-cased
bert-base-multilingual-cased,ru_syntagrus,FullyScrambled+Lemma,0.007594936708860759,0.017721518987341773,0.17974683544303796,0.04050632911392405,395,123,bert-base-multilingual-cased
bert-base-multilingual-cased,ru_syntagrus,HeadScrambled,0.06345177664974619,0.1116751269035533,0.09390862944162437,0.0583756345177665,394,123,bert-base-multilingual-cased
bert-base-multilingual-cased,ru_syntagrus,PartiallyScrambled,0.10406091370558376,0.1700507614213198,0.0583756345177665,0.05583756345177665,394,123,bert-base-multilingual-cased
bert-base-multilingual-cased,ru_syntagrus,PartiallyScrambled+Lemma,0.043037974683544304,0.09873417721518987,0.07848101265822785,0.0759493670886076,395,123,bert-base-multilingual-cased
bert-base-multilingual-cased,tr_imst,Original,0.02203856749311295,0.05234159779614325,0.0743801652892562,0.030303030303030304,363,123,bert-base-multilingual-cased
bert-base-multilingual-cased,tr_imst,Original+Lemma,0.013774104683195593,0.04132231404958678,0.15151515151515152,0.05234159779614325,363,123,bert-base-multilingual-cased
bert-base-multilingual-cased,tr_imst,FullyScrambled,0.0027548209366391185,0.005509641873278237,0.14600550964187328,0.024793388429752067,363,123,bert-base-multilingual-cased
bert-base-multilingual-cased,tr_imst,FullyScrambled+Lemma,0.0027548209366391185,0.008264462809917356,0.256198347107438,0.049586776859504134,363,123,bert-base-multilingual-cased
bert-base-multilingual-cased,tr_imst,HeadScrambled,0.0027548209366391185,0.011019283746556474,0.09366391184573003,0.03581267217630854,363,123,bert-base-multilingual-cased
bert-base-multilingual-cased,tr_imst,PartiallyScrambled,0.0,0.025,0.09375,0.03125,160,123,bert-base-multilingual-cased
bert-base-multilingual-cased,tr_imst,PartiallyScrambled+Lemma,0.00625,0.025,0.16875,0.0875,160,123,bert-base-multilingual-cased
bert-base-multilingual-cased,zh_gsd,Original,0.3825,0.58,0.02,0.0,400,123,bert-base-multilingual-cased
bert-base-multilingual-cased,zh_gsd,Original+Lemma,0.3775,0.575,0.0175,0.0,400,123,bert-base-multilingual-cased
bert-base-multilingual-cased,zh_gsd,FullyScrambled,0.0175,0.045,0.105,0.0,400,123,bert-base-multilingual-cased
bert-base-multilingual-cased,zh_gsd,FullyScrambled+Lemma,0.0175,0.0475,0.1075,0.0,400,123,bert-base-multilingual-cased
bert-base-multilingual-cased,zh_gsd,HeadScrambled,0.1225,0.26,0.0425,0.0,400,123,bert-base-multilingual-cased
bert-base-multilingual-cased,zh_gsd,PartiallyScrambled,0.185,0.3,0.0225,0.0,400,123,bert-base-multilingual-cased
bert-base-multilingual-cased,zh_gsd,PartiallyScrambled+Lemma,0.1825,0.2925,0.0225,0.0,400,123,bert-base-multilingual-cased
bert-base-multilingual-cased,en_ewt,Original,0.24795640326975477,0.4087193460490463,0.05722070844686648,0.05722070844686648,367,456,bert-base-multilingual-cased
bert-base-multilingual-cased,en_ewt,Original+Lemma,0.1842818428184282,0.32791327913279134,0.05962059620596206,0.0948509485094851,369,456,bert-base-multilingual-cased
bert-base-multilingual-cased,en_ewt,FullyScrambled,0.013623978201634877,0.03814713896457766,0.25340599455040874,0.1880108991825613,367,456,bert-base-multilingual-cased
bert-base-multilingual-cased,en_ewt,FullyScrambled+Lemma,0.013550135501355014,0.03523035230352303,0.2140921409214092,0.22493224932249323,369,456,bert-base-multilingual-cased
bert-base-multilingual-cased,en_ewt,HeadScrambled,0.07084468664850137,0.16076294277929154,0.1335149863760218,0.1226158038147139,367,456,bert-base-multilingual-cased
bert-base-multilingual-cased,en_ewt,PartiallyScrambled,0.14168937329700274,0.2506811989100817,0.08719346049046321,0.08991825613079019,367,456,bert-base-multilingual-cased
bert-base-multilingual-cased,en_ewt,PartiallyScrambled+Lemma,0.0975609756097561,0.2032520325203252,0.08943089430894309,0.11924119241192412,369,456,bert-base-multilingual-cased
bert-base-multilingual-cased,de_gsd,Original,0.14035087719298245,0.2731829573934837,0.03258145363408521,0.05764411027568922,399,456,bert-base-multilingual-cased
bert-base-multilingual-cased,de_gsd,Original+Lemma,0.047619047619047616,0.15037593984962405,0.09523809523809523,0.07017543859649122,399,456,bert-base-multilingual-cased
bert-base-multilingual-cased,de_gsd,FullyScrambled,0.0,0.017543859649122806,0.22305764411027568,0.10275689223057644,399,456,bert-base-multilingual-cased
bert-base-multilingual-cased,de_gsd,FullyScrambled+Lemma,0.0,0.005012531328320802,0.22055137844611528,0.13533834586466165,399,456,bert-base-multilingual-cased
bert-base-multilingual-cased,de_gsd,HeadScrambled,0.07268170426065163,0.15538847117794485,0.08521303258145363,0.08020050125313283,399,456,bert-base-multilingual-cased
bert-base-multilingual-cased,de_gsd,PartiallyScrambled,0.08270676691729323,0.19298245614035087,0.08020050125313283,0.06766917293233082,399,456,bert-base-multilingual-cased
bert-base-multilingual-cased,de_gsd,PartiallyScrambled+Lemma,0.040100250626566414,0.10275689223057644,0.11027568922305764,0.08270676691729323,399,456,bert-base-multilingual-cased
bert-base-multilingual-cased,es_ancora,Original,0.2756892230576441,0.42606516290726815,0.03007518796992481,0.07017543859649122,399,456,bert-base-multilingual-cased
bert-base-multilingual-cased,es_ancora,Original+Lemma,0.15538847117794485,0.2531328320802005,0.045112781954887216,0.08270676691729323,399,456,bert-base-multilingual-cased
bert-base-multilingual-cased,es_ancora,FullyScrambled,0.007518796992481203,0.03508771929824561,0.15789473684210525,0.20050125313283207,399,456,bert-base-multilingual-cased
bert-base-multilingual-cased,es_ancora,FullyScrambled+Lemma,0.005012531328320802,0.03759398496240601,0.18295739348370926,0.21804511278195488,399,456,bert-base-multilingual-cased
bert-base-multilingual-cased,es_ancora,HeadScrambled,0.06766917293233082,0.16791979949874686,0.06015037593984962,0.14035087719298245,399,456,bert-base-multilingual-cased
bert-base-multilingual-cased,es_ancora,PartiallyScrambled,0.14035087719298245,0.23308270676691728,0.06516290726817042,0.10275689223057644,399,456,bert-base-multilingual-cased
bert-base-multilingual-cased,es_ancora,PartiallyScrambled+Lemma,0.09022556390977443,0.18295739348370926,0.08521303258145363,0.11528822055137844,399,456,bert-base-multilingual-cased
bert-base-multilingual-cased,ru_syntagrus,Original,0.26262626262626265,0.39646464646464646,0.010101010101010102,0.025252525252525252,396,456,bert-base-multilingual-cased
bert-base-multilingual-cased,ru_syntagrus,Original+Lemma,0.09343434343434344,0.16414141414141414,0.050505050505050504,0.03282828282828283,396,456,bert-base-multilingual-cased
bert-base-multilingual-cased,ru_syntagrus,FullyScrambled,0.0025252525252525255,0.010101010101010102,0.14898989898989898,0.047979797979797977,396,456,bert-base-multilingual-cased
bert-base-multilingual-cased,ru_syntagrus,FullyScrambled+Lemma,0.0025252525252525255,0.017676767676767676,0.18686868686868688,0.050505050505050504,396,456,bert-base-multilingual-cased
bert-base-multilingual-cased,ru_syntagrus,HeadScrambled,0.08080808080808081,0.14393939393939395,0.06313131313131314,0.05808080808080808,396,456,bert-base-multilingual-cased
bert-base-multilingual-cased,ru_syntagrus,PartiallyScrambled,0.12121212121212122,0.2222222222222222,0.03282828282828283,0.03787878787878788,396,456,bert-base-multilingual-cased
bert-base-multilingual-cased,ru_syntagrus,PartiallyScrambled+Lemma,0.04292929292929293,0.09595959595959595,0.0707070707070707,0.03787878787878788,396,456,bert-base-multilingual-cased
bert-base-multilingual-cased,tr_imst,Original,0.008287292817679558,0.03314917127071823,0.07734806629834254,0.027624309392265192,362,456,bert-base-multilingual-cased
bert-base-multilingual-cased,tr_imst,Original+Lemma,0.011019283746556474,0.024793388429752067,0.15977961432506887,0.06611570247933884,363,456,bert-base-multilingual-cased
bert-base-multilingual-cased,tr_imst,FullyScrambled,0.0027624309392265192,0.008287292817679558,0.09944751381215469,0.03038674033149171,362,456,bert-base-multilingual-cased
bert-base-multilingual-cased,tr_imst,FullyScrambled+Lemma,0.005509641873278237,0.011019283746556474,0.24793388429752067,0.05234159779614325,363,456,bert-base-multilingual-cased
bert-base-multilingual-cased,tr_imst,HeadScrambled,0.008287292817679558,0.019337016574585635,0.10497237569060773,0.027624309392265192,362,456,bert-base-multilingual-cased
bert-base-multilingual-cased,tr_imst,PartiallyScrambled,0.006578947368421052,0.019736842105263157,0.07894736842105263,0.019736842105263157,152,456,bert-base-multilingual-cased
bert-base-multilingual-cased,tr_imst,PartiallyScrambled+Lemma,0.006578947368421052,0.013157894736842105,0.16447368421052633,0.05921052631578947,152,456,bert-base-multilingual-cased
bert-base-multilingual-cased,zh_gsd,Original,0.42,0.5875,0.025,0.0,400,456,bert-base-multilingual-cased
bert-base-multilingual-cased,zh_gsd,Original+Lemma,0.4175,0.58,0.0225,0.0,400,456,bert-base-multilingual-cased
bert-base-multilingual-cased,zh_gsd,FullyScrambled,0.0175,0.0575,0.1,0.0,400,456,bert-base-multilingual-cased
bert-base-multilingual-cased,zh_gsd,FullyScrambled+Lemma,0.02,0.0575,0.1,0.0,400,456,bert-base-multilingual-cased
bert-base-multilingual-cased,zh_gsd,HeadScrambled,0.135,0.2425,0.0625,0.0,400,456,bert-base-multilingual-cased
bert-base-multilingual-cased,zh_gsd,PartiallyScrambled,0.2125,0.36,0.0325,0.0,400,456,bert-base-multilingual-cased
bert-base-multilingual-cased,zh_gsd,PartiallyScrambled+Lemma,0.215,0.355,0.0275,0.0,400,456,bert-base-multilingual-cased
bert-base-multilingual-cased,en_ewt,Original,0.2185792349726776,0.39344262295081966,0.0546448087431694,0.09836065573770492,366,789,bert-base-multilingual-cased
bert-base-multilingual-cased,en_ewt,Original+Lemma,0.16576086956521738,0.31521739130434784,0.057065217391304345,0.11684782608695653,368,789,bert-base-multilingual-cased
bert-base-multilingual-cased,en_ewt,FullyScrambled,0.01639344262295082,0.03551912568306011,0.23770491803278687,0.1830601092896175,366,789,bert-base-multilingual-cased
bert-base-multilingual-cased,en_ewt,FullyScrambled+Lemma,0.019021739130434784,0.02717391304347826,0.2418478260869565,0.16847826086956522,368,789,bert-base-multilingual-cased
bert-base-multilingual-cased,en_ewt,HeadScrambled,0.060109289617486336,0.1284153005464481,0.15027322404371585,0.13934426229508196,366,789,bert-base-multilingual-cased
bert-base-multilingual-cased,en_ewt,PartiallyScrambled,0.12295081967213115,0.22404371584699453,0.07650273224043716,0.12568306010928962,366,789,bert-base-multilingual-cased
bert-base-multilingual-cased,en_ewt,PartiallyScrambled+Lemma,0.08967391304347826,0.19021739130434784,0.08152173913043478,0.15217391304347827,368,789,bert-base-multilingual-cased
bert-base-multilingual-cased,de_gsd,Original,0.1425,0.2925,0.0425,0.055,400,789,bert-base-multilingual-cased
bert-base-multilingual-cased,de_gsd,Original+Lemma,0.06,0.1925,0.0925,0.1,400,789,bert-base-multilingual-cased
bert-base-multilingual-cased,de_gsd,FullyScrambled,0.0125,0.025,0.23,0.0825,400,789,bert-base-multilingual-cased
bert-base-multilingual-cased,de_gsd,FullyScrambled+Lemma,0.0025,0.02,0.24,0.1075,400,789,bert-base-multilingual-cased
bert-base-multilingual-cased,de_gsd,HeadScrambled,0.0775,0.1425,0.0875,0.1125,400,789,bert-base-multilingual-cased
bert-base-multilingual-cased,de_gsd,PartiallyScrambled,0.075,0.18,0.0775,0.06,400,789,bert-base-multilingual-cased
bert-base-multilingual-cased,de_gsd,PartiallyScrambled+Lemma,0.0325,0.11,0.1275,0.0925,400,789,bert-base-multilingual-cased
bert-base-multilingual-cased,es_ancora,Original,0.2506265664160401,0.42105263157894735,0.02756892230576441,0.07268170426065163,399,789,bert-base-multilingual-cased
bert-base-multilingual-cased,es_ancora,Original+Lemma,0.14285714285714285,0.2706766917293233,0.06766917293233082,0.07518796992481203,399,789,bert-base-multilingual-cased
bert-base-multilingual-cased,es_ancora,FullyScrambled,0.012531328320802004,0.03508771929824561,0.14035087719298245,0.18796992481203006,399,789,bert-base-multilingual-cased
bert-base-multilingual-cased,es_ancora,FullyScrambled+Lemma,0.002506265664160401,0.03759398496240601,0.17543859649122806,0.20802005012531327,399,789,bert-base-multilingual-cased
bert-base-multilingual-cased,es_ancora,HeadScrambled,0.06265664160401002,0.16791979949874686,0.07268170426065163,0.12531328320802004,399,789,bert-base-multilingual-cased
bert-base-multilingual-cased,es_ancora,PartiallyScrambled,0.14285714285714285,0.2857142857142857,0.06265664160401002,0.11027568922305764,399,789,bert-base-multilingual-cased
bert-base-multilingual-cased,es_ancora,PartiallyScrambled+Lemma,0.08521303258145363,0.17543859649122806,0.07518796992481203,0.12030075187969924,399,789,bert-base-multilingual-cased
bert-base-multilingual-cased,ru_syntagrus,Original,0.2759493670886076,0.4151898734177215,0.017721518987341773,0.005063291139240506,395,789,bert-base-multilingual-cased
bert-base-multilingual-cased,ru_syntagrus,Original+Lemma,0.1189873417721519,0.19746835443037974,0.053164556962025315,0.035443037974683546,395,789,bert-base-multilingual-cased
bert-base-multilingual-cased,ru_syntagrus,FullyScrambled,0.007594936708860759,0.017721518987341773,0.15443037974683543,0.06329113924050633,395,789,bert-base-multilingual-cased
bert-base-multilingual-cased,ru_syntagrus,FullyScrambled+Lemma,0.007594936708860759,0.015189873417721518,0.18734177215189873,0.053164556962025315,395,789,bert-base-multilingual-cased
bert-base-multilingual-cased,ru_syntagrus,HeadScrambled,0.06329113924050633,0.1240506329113924,0.08860759493670886,0.05822784810126582,395,789,bert-base-multilingual-cased
bert-base-multilingual-cased,ru_syntagrus,PartiallyScrambled,0.1189873417721519,0.21012658227848102,0.0379746835443038,0.03291139240506329,395,789,bert-base-multilingual-cased
bert-base-multilingual-cased,ru_syntagrus,PartiallyScrambled+Lemma,0.060759493670886074,0.12151898734177215,0.07088607594936709,0.04556962025316456,395,789,bert-base-multilingual-cased
bert-base-multilingual-cased,tr_imst,Original,0.008264462809917356,0.05509641873278237,0.05509641873278237,0.03305785123966942,363,789,bert-base-multilingual-cased
bert-base-multilingual-cased,tr_imst,Original+Lemma,0.013774104683195593,0.030303030303030304,0.1652892561983471,0.05509641873278237,363,789,bert-base-multilingual-cased
bert-base-multilingual-cased,tr_imst,FullyScrambled,0.005509641873278237,0.01652892561983471,0.1184573002754821,0.01928374655647383,363,789,bert-base-multilingual-cased
bert-base-multilingual-cased,tr_imst,FullyScrambled+Lemma,0.011019283746556474,0.024793388429752067,0.27823691460055094,0.049586776859504134,363,789,bert-base-multilingual-cased
bert-base-multilingual-cased,tr_imst,HeadScrambled,0.011019283746556474,0.013774104683195593,0.07988980716253444,0.03856749311294766,363,789,bert-base-multilingual-cased
bert-base-multilingual-cased,tr_imst,PartiallyScrambled,0.018867924528301886,0.03773584905660377,0.09433962264150944,0.018867924528301886,159,789,bert-base-multilingual-cased
bert-base-multilingual-cased,tr_imst,PartiallyScrambled+Lemma,0.018867924528301886,0.025157232704402517,0.23270440251572327,0.05660377358490566,159,789,bert-base-multilingual-cased
bert-base-multilingual-cased,zh_gsd,Original,0.4425,0.595,0.0075,0.0,400,789,bert-base-multilingual-cased
bert-base-multilingual-cased,zh_gsd,Original+Lemma,0.4475,0.595,0.0075,0.0,400,789,bert-base-multilingual-cased
bert-base-multilingual-cased,zh_gsd,FullyScrambled,0.0225,0.055,0.115,0.0,400,789,bert-base-multilingual-cased
bert-base-multilingual-cased,zh_gsd,FullyScrambled+Lemma,0.0225,0.06,0.1175,0.0,400,789,bert-base-multilingual-cased
bert-base-multilingual-cased,zh_gsd,HeadScrambled,0.1325,0.2375,0.0525,0.0,400,789,bert-base-multilingual-cased
bert-base-multilingual-cased,zh_gsd,PartiallyScrambled,0.2225,0.3325,0.04,0.0,400,789,bert-base-multilingual-cased
bert-base-multilingual-cased,zh_gsd,PartiallyScrambled+Lemma,0.23,0.3375,0.04,0.0,400,789,bert-base-multilingual-cased
xlm-roberta-base,en_ewt,Original,0.2568306010928962,0.4644808743169399,0.08196721311475409,0.06284153005464481,366,123,xlm-roberta-base
xlm-roberta-base,en_ewt,Original+Lemma,0.17119565217391305,0.33695652173913043,0.10054347826086957,0.09782608695652174,368,123,xlm-roberta-base
xlm-roberta-base,en_ewt,FullyScrambled,0.01092896174863388,0.01912568306010929,0.19672131147540983,0.1994535519125683,366,123,xlm-roberta-base
xlm-roberta-base,en_ewt,FullyScrambled+Lemma,0.008152173913043478,0.019021739130434784,0.16576086956521738,0.22554347826086957,368,123,xlm-roberta-base
xlm-roberta-base,en_ewt,HeadScrambled,0.07377049180327869,0.15300546448087432,0.10655737704918032,0.12568306010928962,366,123,xlm-roberta-base
xlm-roberta-base,en_ewt,PartiallyScrambled,0.14754098360655737,0.27595628415300544,0.09016393442622951,0.09836065573770492,366,123,xlm-roberta-base
xlm-roberta-base,en_ewt,PartiallyScrambled+Lemma,0.09239130434782608,0.19293478260869565,0.11141304347826086,0.14945652173913043,368,123,xlm-roberta-base
xlm-roberta-base,de_gsd,Original,0.3225,0.495,0.0875,0.0425,400,123,xlm-roberta-base
xlm-roberta-base,de_gsd,Original+Lemma,0.125,0.255,0.1125,0.07,400,123,xlm-roberta-base
xlm-roberta-base,de_gsd,FullyScrambled,0.0125,0.0325,0.21,0.105,400,123,xlm-roberta-base
xlm-roberta-base,de_gsd,FullyScrambled+Lemma,0.015,0.03,0.2075,0.1275,400,123,xlm-roberta-base
xlm-roberta-base,de_gsd,HeadScrambled,0.145,0.2725,0.09,0.06,400,123,xlm-roberta-base
xlm-roberta-base,de_gsd,PartiallyScrambled,0.1925,0.325,0.1075,0.0575,400,123,xlm-roberta-base
xlm-roberta-base,de_gsd,PartiallyScrambled+Lemma,0.075,0.165,0.12,0.11,400,123,xlm-roberta-base
xlm-roberta-base,es_ancora,Original,0.3358395989974937,0.5213032581453634,0.06516290726817042,0.045112781954887216,399,123,xlm-roberta-base
xlm-roberta-base,es_ancora,Original+Lemma,0.18546365914786966,0.2882205513784461,0.07268170426065163,0.11027568922305764,399,123,xlm-roberta-base
xlm-roberta-base,es_ancora,FullyScrambled,0.005012531328320802,0.045112781954887216,0.13784461152882205,0.3057644110275689,399,123,xlm-roberta-base
xlm-roberta-base,es_ancora,FullyScrambled+Lemma,0.005012531328320802,0.02506265664160401,0.12030075187969924,0.37343358395989973,399,123,xlm-roberta-base
xlm-roberta-base,es_ancora,HeadScrambled,0.10275689223057644,0.19548872180451127,0.08521303258145363,0.14035087719298245,399,123,xlm-roberta-base
xlm-roberta-base,es_ancora,PartiallyScrambled,0.17042606516290726,0.2781954887218045,0.08521303258145363,0.10526315789473684,399,123,xlm-roberta-base
xlm-roberta-base,es_ancora,PartiallyScrambled+Lemma,0.08771929824561403,0.17042606516290726,0.09523809523809523,0.16791979949874686,399,123,xlm-roberta-base
xlm-roberta-base,ru_syntagrus,Original,0.2828282828282828,0.4318181818181818,0.047979797979797977,0.04292929292929293,396,123,xlm-roberta-base
xlm-roberta-base,ru_syntagrus,Original+Lemma,0.09090909090909091,0.19444444444444445,0.08838383838383838,0.05303030303030303,396,123,xlm-roberta-base
xlm-roberta-base,ru_syntagrus,FullyScrambled,0.0025252525252525255,0.012626262626262626,0.23232323232323232,0.10353535353535354,396,123,xlm-roberta-base
xlm-roberta-base,ru_syntagrus,FullyScrambled+Lemma,0.005050505050505051,0.015151515151515152,0.2777777777777778,0.10606060606060606,396,123,xlm-roberta-base
xlm-roberta-base,ru_syntagrus,HeadScrambled,0.0707070707070707,0.14646464646464646,0.13636363636363635,0.06565656565656566,396,123,xlm-roberta-base
xlm-roberta-base,ru_syntagrus,PartiallyScrambled,0.12121212121212122,0.18686868686868688,0.09090909090909091,0.06313131313131314,396,123,xlm-roberta-base
xlm-roberta-base,ru_syntagrus,PartiallyScrambled+Lemma,0.047979797979797977,0.10606060606060606,0.12121212121212122,0.06313131313131314,396,123,xlm-roberta-base
xlm-roberta-base,tr_imst,Original,0.07713498622589532,0.1763085399449036,0.325068870523416,0.01928374655647383,363,123,xlm-roberta-base
xlm-roberta-base,tr_imst,Original+Lemma,0.027548209366391185,0.04132231404958678,0.3526170798898072,0.08264462809917356,363,123,xlm-roberta-base
xlm-roberta-base,tr_imst,FullyScrambled,0.011019283746556474,0.024793388429752067,0.371900826446281,0.05234159779614325,363,123,xlm-roberta-base
xlm-roberta-base,tr_imst,FullyScrambled+Lemma,0.005509641873278237,0.011019283746556474,0.2975206611570248,0.03581267217630854,363,123,xlm-roberta-base
xlm-roberta-base,tr_imst,HeadScrambled,0.02203856749311295,0.06336088154269973,0.3140495867768595,0.030303030303030304,363,123,xlm-roberta-base
xlm-roberta-base,tr_imst,PartiallyScrambled,0.0625,0.0875,0.275,0.05,160,123,xlm-roberta-base
xlm-roberta-base,tr_imst,PartiallyScrambled+Lemma,0.0,0.025,0.25625,0.1,160,123,xlm-roberta-base
xlm-roberta-base,zh_gsd,Original,0.335,0.495,0.0075,0.0,400,123,xlm-roberta-base
xlm-roberta-base,zh_gsd,Original+Lemma,0.325,0.4825,0.0075,0.0,400,123,xlm-roberta-base
xlm-roberta-base,zh_gsd,FullyScrambled,0.02,0.0775,0.075,0.0,400,123,xlm-roberta-base
xlm-roberta-base,zh_gsd,FullyScrambled+Lemma,0.0225,0.075,0.075,0.0,400,123,xlm-roberta-base
xlm-roberta-base,zh_gsd,HeadScrambled,0.115,0.205,0.0225,0.0,400,123,xlm-roberta-base
xlm-roberta-base,zh_gsd,PartiallyScrambled,0.115,0.2425,0.0075,0.0,400,123,xlm-roberta-base
xlm-roberta-base,zh_gsd,PartiallyScrambled+Lemma,0.11,0.2375,0.0075,0.0,400,123,xlm-roberta-base
xlm-roberta-base,en_ewt,Original,0.32065217391304346,0.483695652173913,0.08152173913043478,0.051630434782608696,368,456,xlm-roberta-base
xlm-roberta-base,en_ewt,Original+Lemma,0.24594594594594596,0.4,0.0918918918918919,0.08378378378378379,370,456,xlm-roberta-base
xlm-roberta-base,en_ewt,FullyScrambled,0.016304347826086956,0.03804347826086957,0.15760869565217392,0.19293478260869565,368,456,xlm-roberta-base
xlm-roberta-base,en_ewt,FullyScrambled+Lemma,0.010810810810810811,0.043243243243243246,0.13783783783783785,0.22702702702702704,370,456,xlm-roberta-base
xlm-roberta-base,en_ewt,HeadScrambled,0.09239130434782608,0.18206521739130435,0.10326086956521739,0.12228260869565218,368,456,xlm-roberta-base
xlm-roberta-base,en_ewt,PartiallyScrambled,0.20380434782608695,0.28532608695652173,0.09510869565217392,0.08967391304347826,368,456,xlm-roberta-base
xlm-roberta-base,en_ewt,PartiallyScrambled+Lemma,0.13243243243243244,0.24324324324324326,0.0972972972972973,0.12702702702702703,370,456,xlm-roberta-base
xlm-roberta-base,de_gsd,Original,0.2875,0.5025,0.11,0.04,400,456,xlm-roberta-base
xlm-roberta-base,de_gsd,Original+Lemma,0.1075,0.2425,0.1225,0.06,400,456,xlm-roberta-base
xlm-roberta-base,de_gsd,FullyScrambled,0.0075,0.0275,0.14,0.1275,400,456,xlm-roberta-base
xlm-roberta-base,de_gsd,FullyScrambled+Lemma,0.005,0.015,0.155,0.15,400,456,xlm-roberta-base
xlm-roberta-base,de_gsd,HeadScrambled,0.1225,0.2725,0.08,0.09,400,456,xlm-roberta-base
xlm-roberta-base,de_gsd,PartiallyScrambled,0.17,0.3125,0.1475,0.065,400,456,xlm-roberta-base
xlm-roberta-base,de_gsd,PartiallyScrambled+Lemma,0.075,0.1675,0.145,0.08,400,456,xlm-roberta-base
xlm-roberta-base,es_ancora,Original,0.3583959899749373,0.5213032581453634,0.05263157894736842,0.05513784461152882,399,456,xlm-roberta-base
xlm-roberta-base,es_ancora,Original+Lemma,0.20551378446115287,0.3433583959899749,0.06015037593984962,0.08521303258145363,399,456,xlm-roberta-base
xlm-roberta-base,es_ancora,FullyScrambled,0.005012531328320802,0.02756892230576441,0.14285714285714285,0.2631578947368421,399,456,xlm-roberta-base
xlm-roberta-base,es_ancora,FullyScrambled+Lemma,0.002506265664160401,0.03508771929824561,0.13533834586466165,0.3333333333333333,399,456,xlm-roberta-base
xlm-roberta-base,es_ancora,HeadScrambled,0.08771929824561403,0.18295739348370926,0.09774436090225563,0.12280701754385964,399,456,xlm-roberta-base
xlm-roberta-base,es_ancora,PartiallyScrambled,0.16791979949874686,0.2606516290726817,0.08270676691729323,0.11779448621553884,399,456,xlm-roberta-base
xlm-roberta-base,es_ancora,PartiallyScrambled+Lemma,0.09774436090225563,0.19799498746867167,0.07268170426065163,0.17293233082706766,399,456,xlm-roberta-base
xlm-roberta-base,ru_syntagrus,Original,0.33080808080808083,0.44696969696969696,0.050505050505050504,0.017676767676767676,396,456,xlm-roberta-base
xlm-roberta-base,ru_syntagrus,Original+Lemma,0.10858585858585859,0.19696969696969696,0.07575757575757576,0.05808080808080808,396,456,xlm-roberta-base
xlm-roberta-base,ru_syntagrus,FullyScrambled,0.005050505050505051,0.020202020202020204,0.23484848484848486,0.09090909090909091,396,456,xlm-roberta-base
xlm-roberta-base,ru_syntagrus,FullyScrambled+Lemma,0.0,0.005050505050505051,0.23737373737373738,0.11616161616161616,396,456,xlm-roberta-base
xlm-roberta-base,ru_syntagrus,HeadScrambled,0.10353535353535354,0.17929292929292928,0.16666666666666666,0.06060606060606061,396,456,xlm-roberta-base
xlm-roberta-base,ru_syntagrus,PartiallyScrambled,0.1414141414141414,0.23232323232323232,0.10606060606060606,0.05303030303030303,396,456,xlm-roberta-base
xlm-roberta-base,ru_syntagrus,PartiallyScrambled+Lemma,0.05303030303030303,0.1111111111111111,0.13383838383838384,0.08838383838383838,396,456,xlm-roberta-base
xlm-roberta-base,tr_imst,Original,0.09090909090909091,0.1652892561983471,0.3415977961432507,0.01928374655647383,363,456,xlm-roberta-base
xlm-roberta-base,tr_imst,Original+Lemma,0.024793388429752067,0.046831955922865015,0.38016528925619836,0.046831955922865015,363,456,xlm-roberta-base
xlm-roberta-base,tr_imst,FullyScrambled,0.0027548209366391185,0.02203856749311295,0.39118457300275483,0.03581267217630854,363,456,xlm-roberta-base
xlm-roberta-base,tr_imst,FullyScrambled+Lemma,0.0,0.01928374655647383,0.3085399449035813,0.06060606060606061,363,456,xlm-roberta-base
xlm-roberta-base,tr_imst,HeadScrambled,0.027548209366391185,0.06060606060606061,0.34710743801652894,0.030303030303030304,363,456,xlm-roberta-base
xlm-roberta-base,tr_imst,PartiallyScrambled,0.03289473684210526,0.06578947368421052,0.2894736842105263,0.05921052631578947,152,456,xlm-roberta-base
xlm-roberta-base,tr_imst,PartiallyScrambled+Lemma,0.013157894736842105,0.046052631578947366,0.28289473684210525,0.1118421052631579,152,456,xlm-roberta-base
xlm-roberta-base,zh_gsd,Original,0.3125,0.5025,0.0,0.0,400,456,xlm-roberta-base
xlm-roberta-base,zh_gsd,Original+Lemma,0.305,0.4975,0.0,0.0,400,456,xlm-roberta-base
xlm-roberta-base,zh_gsd,FullyScrambled,0.0175,0.0575,0.0525,0.0,400,456,xlm-roberta-base
xlm-roberta-base,zh_gsd,FullyScrambled+Lemma,0.0175,0.0625,0.05,0.0,400,456,xlm-roberta-base
xlm-roberta-base,zh_gsd,HeadScrambled,0.1225,0.21,0.01,0.0,400,456,xlm-roberta-base
xlm-roberta-base,zh_gsd,PartiallyScrambled,0.1375,0.2975,0.0075,0.0,400,456,xlm-roberta-base
xlm-roberta-base,zh_gsd,PartiallyScrambled+Lemma,0.1375,0.295,0.0075,0.0,400,456,xlm-roberta-base
xlm-roberta-base,en_ewt,Original,0.3024523160762943,0.47411444141689374,0.05449591280653951,0.06267029972752043,367,789,xlm-roberta-base
xlm-roberta-base,en_ewt,Original+Lemma,0.21680216802168023,0.3875338753387534,0.08401084010840108,0.0948509485094851,369,789,xlm-roberta-base
xlm-roberta-base,en_ewt,FullyScrambled,0.005449591280653951,0.021798365122615803,0.1771117166212534,0.1771117166212534,367,789,xlm-roberta-base
xlm-roberta-base,en_ewt,FullyScrambled+Lemma,0.0027100271002710027,0.02710027100271003,0.1897018970189702,0.21951219512195122,369,789,xlm-roberta-base
xlm-roberta-base,en_ewt,HeadScrambled,0.07901907356948229,0.18256130790190736,0.11171662125340599,0.11989100817438691,367,789,xlm-roberta-base
xlm-roberta-base,en_ewt,PartiallyScrambled,0.16621253405994552,0.2970027247956403,0.07356948228882834,0.10626702997275204,367,789,xlm-roberta-base
xlm-roberta-base,en_ewt,PartiallyScrambled+Lemma,0.12195121951219512,0.24661246612466126,0.0975609756097561,0.12466124661246612,369,789,xlm-roberta-base
xlm-roberta-base,de_gsd,Original,0.3375,0.51,0.075,0.0225,400,789,xlm-roberta-base
xlm-roberta-base,de_gsd,Original+Lemma,0.15,0.2925,0.1025,0.07,400,789,xlm-roberta-base
xlm-roberta-base,de_gsd,FullyScrambled,0.0125,0.0325,0.2,0.1,400,789,xlm-roberta-base
xlm-roberta-base,de_gsd,FullyScrambled+Lemma,0.0075,0.03,0.2,0.165,400,789,xlm-roberta-base
xlm-roberta-base,de_gsd,HeadScrambled,0.1675,0.29,0.1025,0.06,400,789,xlm-roberta-base
xlm-roberta-base,de_gsd,PartiallyScrambled,0.195,0.295,0.0925,0.0475,400,789,xlm-roberta-base
xlm-roberta-base,de_gsd,PartiallyScrambled+Lemma,0.0775,0.165,0.1175,0.1025,400,789,xlm-roberta-base
xlm-roberta-base,es_ancora,Original,0.3383458646616541,0.5012531328320802,0.06766917293233082,0.047619047619047616,399,789,xlm-roberta-base
xlm-roberta-base,es_ancora,Original+Lemma,0.18045112781954886,0.3082706766917293,0.07769423558897243,0.11027568922305764,399,789,xlm-roberta-base
xlm-roberta-base,es_ancora,FullyScrambled,0.012531328320802004,0.047619047619047616,0.16541353383458646,0.2756892230576441,399,789,xlm-roberta-base
xlm-roberta-base,es_ancora,FullyScrambled+Lemma,0.010025062656641603,0.042606516290726815,0.14536340852130325,0.2932330827067669,399,789,xlm-roberta-base
xlm-roberta-base,es_ancora,HeadScrambled,0.10025062656641603,0.19799498746867167,0.06766917293233082,0.12280701754385964,399,789,xlm-roberta-base
xlm-roberta-base,es_ancora,PartiallyScrambled,0.17543859649122806,0.2982456140350877,0.07017543859649122,0.09774436090225563,399,789,xlm-roberta-base
xlm-roberta-base,es_ancora,PartiallyScrambled+Lemma,0.09523809523809523,0.18295739348370926,0.09774436090225563,0.13784461152882205,399,789,xlm-roberta-base
xlm-roberta-base,ru_syntagrus,Original,0.29292929292929293,0.4595959595959596,0.04292929292929293,0.020202020202020204,396,789,xlm-roberta-base
xlm-roberta-base,ru_syntagrus,Original+Lemma,0.12626262626262627,0.23232323232323232,0.09848484848484848,0.04040404040404041,396,789,xlm-roberta-base
xlm-roberta-base,ru_syntagrus,FullyScrambled,0.012626262626262626,0.03282828282828283,0.26515151515151514,0.08585858585858586,396,789,xlm-roberta-base
xlm-roberta-base,ru_syntagrus,FullyScrambled+Lemma,0.015151515151515152,0.030303030303030304,0.29292929292929293,0.10101010101010101,396,789,xlm-roberta-base
xlm-roberta-base,ru_syntagrus,HeadScrambled,0.07828282828282829,0.14898989898989898,0.12626262626262627,0.07575757575757576,396,789,xlm-roberta-base
xlm-roberta-base,ru_syntagrus,PartiallyScrambled,0.14646464646464646,0.2222222222222222,0.10101010101010101,0.05555555555555555,396,789,xlm-roberta-base
xlm-roberta-base,ru_syntagrus,PartiallyScrambled+Lemma,0.06818181818181818,0.11868686868686869,0.13383838383838384,0.06818181818181818,396,789,xlm-roberta-base
xlm-roberta-base,tr_imst,Original,0.07162534435261708,0.1487603305785124,0.36363636363636365,0.03581267217630854,363,789,xlm-roberta-base
xlm-roberta-base,tr_imst,Original+Lemma,0.011019283746556474,0.03856749311294766,0.3526170798898072,0.07162534435261708,363,789,xlm-roberta-base
xlm-roberta-base,tr_imst,FullyScrambled,0.005509641873278237,0.013774104683195593,0.38292011019283745,0.05509641873278237,363,789,xlm-roberta-base
xlm-roberta-base,tr_imst,FullyScrambled+Lemma,0.0027548209366391185,0.008264462809917356,0.2727272727272727,0.08264462809917356,363,789,xlm-roberta-base
xlm-roberta-base,tr_imst,HeadScrambled,0.01928374655647383,0.0440771349862259,0.33608815426997246,0.030303030303030304,363,789,xlm-roberta-base
xlm-roberta-base,tr_imst,PartiallyScrambled,0.05660377358490566,0.07547169811320754,0.29559748427672955,0.03773584905660377,159,789,xlm-roberta-base
xlm-roberta-base,tr_imst,PartiallyScrambled+Lemma,0.018867924528301886,0.031446540880503145,0.2893081761006289,0.10062893081761007,159,789,xlm-roberta-base
xlm-roberta-base,zh_gsd,Original,0.325,0.51,0.005,0.0,400,789,xlm-roberta-base
xlm-roberta-base,zh_gsd,Original+Lemma,0.3325,0.5125,0.005,0.0,400,789,xlm-roberta-base
xlm-roberta-base,zh_gsd,FullyScrambled,0.025,0.065,0.0525,0.0,400,789,xlm-roberta-base
xlm-roberta-base,zh_gsd,FullyScrambled+Lemma,0.025,0.0675,0.055,0.0,400,789,xlm-roberta-base
xlm-roberta-base,zh_gsd,HeadScrambled,0.11,0.215,0.02,0.0,400,789,xlm-roberta-base
xlm-roberta-base,zh_gsd,PartiallyScrambled,0.15,0.295,0.01,0.0,400,789,xlm-roberta-base
xlm-roberta-base,zh_gsd,PartiallyScrambled+Lemma,0.15,0.2925,0.01,0.0,400,789,xlm-roberta-base
google/rembert,en_ewt,Original,0.0,0.0,0.00273224043715847,0.0,366,123,google/rembert
google/rembert,en_ewt,Original+Lemma,0.0,0.0,0.0,0.0,369,123,google/rembert
google/rembert,en_ewt,FullyScrambled,0.0,0.0,0.0,0.0,366,123,google/rembert
google/rembert,en_ewt,FullyScrambled+Lemma,0.0,0.0,0.0,0.0,369,123,google/rembert
google/rembert,en_ewt,HeadScrambled,0.0,0.0,0.0,0.0,366,123,google/rembert
google/rembert,en_ewt,PartiallyScrambled,0.0,0.0,0.0,0.0,366,123,google/rembert
google/rembert,en_ewt,PartiallyScrambled+Lemma,0.0,0.0,0.0,0.0,369,123,google/rembert
google/rembert,de_gsd,Original,0.0,0.0,0.0,0.0,400,123,google/rembert
google/rembert,de_gsd,Original+Lemma,0.0,0.0,0.0,0.0,400,123,google/rembert
google/rembert,de_gsd,FullyScrambled,0.0,0.0,0.0,0.0,400,123,google/rembert
google/rembert,de_gsd,FullyScrambled+Lemma,0.0,0.0,0.0,0.0,400,123,google/rembert
google/rembert,de_gsd,HeadScrambled,0.0,0.0,0.0,0.0,400,123,google/rembert
google/rembert,de_gsd,PartiallyScrambled,0.0,0.0,0.0,0.0,400,123,google/rembert
google/rembert,de_gsd,PartiallyScrambled+Lemma,0.0,0.0,0.0,0.0025,400,123,google/rembert
google/rembert,es_ancora,Original,0.0,0.0,0.0,0.0,399,123,google/rembert
google/rembert,es_ancora,Original+Lemma,0.0,0.0,0.0,0.0,399,123,google/rembert
google/rembert,es_ancora,FullyScrambled,0.0,0.0,0.0,0.002506265664160401,399,123,google/rembert
google/rembert,es_ancora,FullyScrambled+Lemma,0.0,0.0,0.0,0.0,399,123,google/rembert
google/rembert,es_ancora,HeadScrambled,0.0,0.0,0.0,0.0,399,123,google/rembert
google/rembert,es_ancora,PartiallyScrambled,0.0,0.0,0.0,0.0,399,123,google/rembert
google/rembert,es_ancora,PartiallyScrambled+Lemma,0.0,0.0,0.0,0.002506265664160401,399,123,google/rembert
google/rembert,ru_syntagrus,Original,0.0,0.0,0.0,0.0,396,123,google/rembert
google/rembert,ru_syntagrus,Original+Lemma,0.0,0.0,0.0,0.0,396,123,google/rembert
google/rembert,ru_syntagrus,FullyScrambled,0.0,0.0,0.0,0.0,396,123,google/rembert
google/rembert,ru_syntagrus,FullyScrambled+Lemma,0.0,0.0,0.0,0.0,396,123,google/rembert
google/rembert,ru_syntagrus,HeadScrambled,0.0,0.0,0.0,0.0,396,123,google/rembert
google/rembert,ru_syntagrus,PartiallyScrambled,0.0,0.0,0.0,0.0,396,123,google/rembert
google/rembert,ru_syntagrus,PartiallyScrambled+Lemma,0.0,0.0,0.0,0.0,396,123,google/rembert
google/rembert,tr_imst,Original,0.0,0.0,0.0,0.0,363,123,google/rembert
google/rembert,tr_imst,Original+Lemma,0.0,0.0,0.0,0.0,363,123,google/rembert
google/rembert,tr_imst,FullyScrambled,0.0,0.0,0.0,0.0,363,123,google/rembert
google/rembert,tr_imst,FullyScrambled+Lemma,0.0,0.0,0.0,0.0,363,123,google/rembert
google/rembert,tr_imst,HeadScrambled,0.0,0.0,0.0,0.0,363,123,google/rembert
google/rembert,tr_imst,PartiallyScrambled,0.0,0.0,0.0,0.0,160,123,google/rembert
google/rembert,tr_imst,PartiallyScrambled+Lemma,0.0,0.0,0.0,0.0,160,123,google/rembert
google/rembert,zh_gsd,Original,0.0,0.0,0.0,0.0,400,123,google/rembert
google/rembert,zh_gsd,Original+Lemma,0.0,0.0,0.0,0.0,400,123,google/rembert
google/rembert,zh_gsd,FullyScrambled,0.0,0.0,0.0,0.0,400,123,google/rembert
google/rembert,zh_gsd,FullyScrambled+Lemma,0.0,0.0,0.0,0.0,400,123,google/rembert
google/rembert,zh_gsd,HeadScrambled,0.0,0.0,0.0,0.0,400,123,google/rembert
google/rembert,zh_gsd,PartiallyScrambled,0.0,0.0,0.0,0.0,400,123,google/rembert
google/rembert,zh_gsd,PartiallyScrambled+Lemma,0.0,0.0,0.0,0.0,400,123,google/rembert
google/rembert,en_ewt,Original,0.0,0.0,0.0,0.0,368,456,google/rembert
google/rembert,en_ewt,Original+Lemma,0.0,0.0,0.0,0.005390835579514825,371,456,google/rembert
google/rembert,en_ewt,FullyScrambled,0.0,0.0,0.0,0.0,368,456,google/rembert
google/rembert,en_ewt,FullyScrambled+Lemma,0.0,0.0,0.0,0.0,371,456,google/rembert
google/rembert,en_ewt,HeadScrambled,0.0,0.0,0.0,0.0,368,456,google/rembert
google/rembert,en_ewt,PartiallyScrambled,0.0,0.0,0.0,0.0,368,456,google/rembert
google/rembert,en_ewt,PartiallyScrambled+Lemma,0.0,0.0,0.0,0.0026954177897574125,371,456,google/rembert
google/rembert,de_gsd,Original,0.0,0.0,0.0,0.0,400,456,google/rembert
google/rembert,de_gsd,Original+Lemma,0.0,0.0,0.0,0.0,400,456,google/rembert
google/rembert,de_gsd,FullyScrambled,0.0,0.0,0.0,0.0,400,456,google/rembert
google/rembert,de_gsd,FullyScrambled+Lemma,0.0,0.0,0.0,0.0,400,456,google/rembert
google/rembert,de_gsd,HeadScrambled,0.0,0.0,0.0,0.0,400,456,google/rembert
google/rembert,de_gsd,PartiallyScrambled,0.0,0.0,0.0,0.0,400,456,google/rembert
google/rembert,de_gsd,PartiallyScrambled+Lemma,0.0,0.0,0.0,0.0,400,456,google/rembert
google/rembert,es_ancora,Original,0.0,0.0,0.0,0.0,399,456,google/rembert
google/rembert,es_ancora,Original+Lemma,0.0,0.0,0.0,0.0,399,456,google/rembert
google/rembert,es_ancora,FullyScrambled,0.0,0.0,0.0,0.0,399,456,google/rembert
google/rembert,es_ancora,FullyScrambled+Lemma,0.0,0.0,0.0,0.0,399,456,google/rembert
google/rembert,es_ancora,HeadScrambled,0.0,0.0,0.0,0.0,399,456,google/rembert
google/rembert,es_ancora,PartiallyScrambled,0.0,0.0,0.0,0.0,399,456,google/rembert
google/rembert,es_ancora,PartiallyScrambled+Lemma,0.0,0.0,0.0,0.0,399,456,google/rembert
google/rembert,ru_syntagrus,Original,0.0,0.0,0.0,0.0,396,456,google/rembert
google/rembert,ru_syntagrus,Original+Lemma,0.0,0.0,0.0,0.0,396,456,google/rembert
google/rembert,ru_syntagrus,FullyScrambled,0.0,0.0,0.0,0.0,396,456,google/rembert
google/rembert,ru_syntagrus,FullyScrambled+Lemma,0.0,0.0,0.0,0.0,396,456,google/rembert
google/rembert,ru_syntagrus,HeadScrambled,0.0,0.0,0.0,0.0,396,456,google/rembert
google/rembert,ru_syntagrus,PartiallyScrambled,0.0,0.0,0.0,0.0,396,456,google/rembert
google/rembert,ru_syntagrus,PartiallyScrambled+Lemma,0.0,0.0,0.0,0.0,396,456,google/rembert
google/rembert,tr_imst,Original,0.0,0.0,0.0,0.0,363,456,google/rembert
google/rembert,tr_imst,Original+Lemma,0.0,0.0,0.0,0.0,363,456,google/rembert
google/rembert,tr_imst,FullyScrambled,0.0,0.0,0.0,0.0,363,456,google/rembert
google/rembert,tr_imst,FullyScrambled+Lemma,0.0,0.0,0.0,0.0,363,456,google/rembert
google/rembert,tr_imst,HeadScrambled,0.0,0.0,0.0,0.0,363,456,google/rembert
google/rembert,tr_imst,PartiallyScrambled,0.0,0.0,0.0,0.0,152,456,google/rembert
google/rembert,tr_imst,PartiallyScrambled+Lemma,0.0,0.0,0.0,0.0,152,456,google/rembert
google/rembert,zh_gsd,Original,0.0,0.0,0.0,0.0,400,456,google/rembert
google/rembert,zh_gsd,Original+Lemma,0.0,0.0,0.0,0.0,400,456,google/rembert
google/rembert,zh_gsd,FullyScrambled,0.0,0.0,0.0,0.0,400,456,google/rembert
google/rembert,zh_gsd,FullyScrambled+Lemma,0.0,0.0,0.0,0.0,400,456,google/rembert
google/rembert,zh_gsd,HeadScrambled,0.0,0.0,0.0,0.0,400,456,google/rembert
google/rembert,zh_gsd,PartiallyScrambled,0.0,0.0,0.0,0.0,400,456,google/rembert
google/rembert,zh_gsd,PartiallyScrambled+Lemma,0.0,0.0,0.0,0.0,400,456,google/rembert
google/rembert,en_ewt,Original,0.0,0.0,0.0,0.0,367,789,google/rembert
google/rembert,en_ewt,Original+Lemma,0.0,0.0,0.0,0.0,370,789,google/rembert
google/rembert,en_ewt,FullyScrambled,0.0,0.0,0.0,0.0,367,789,google/rembert
google/rembert,en_ewt,FullyScrambled+Lemma,0.0,0.0,0.0,0.0,370,789,google/rembert
google/rembert,en_ewt,HeadScrambled,0.0,0.0,0.0,0.0,367,789,google/rembert
google/rembert,en_ewt,PartiallyScrambled,0.0,0.0,0.0,0.0,367,789,google/rembert
google/rembert,en_ewt,PartiallyScrambled+Lemma,0.0,0.0,0.0,0.0,370,789,google/rembert
google/rembert,de_gsd,Original,0.0,0.0,0.0,0.0,400,789,google/rembert
google/rembert,de_gsd,Original+Lemma,0.0,0.0,0.0,0.0,400,789,google/rembert
google/rembert,de_gsd,FullyScrambled,0.0,0.0,0.0,0.0,400,789,google/rembert
google/rembert,de_gsd,FullyScrambled+Lemma,0.0,0.0,0.0,0.0,400,789,google/rembert
google/rembert,de_gsd,HeadScrambled,0.0,0.0,0.0,0.0,400,789,google/rembert
google/rembert,de_gsd,PartiallyScrambled,0.0,0.0,0.0,0.0,400,789,google/rembert
google/rembert,de_gsd,PartiallyScrambled+Lemma,0.0,0.0,0.0,0.0,400,789,google/rembert
google/rembert,es_ancora,Original,0.0,0.0,0.0,0.0,399,789,google/rembert
google/rembert,es_ancora,Original+Lemma,0.0,0.0,0.0,0.0,399,789,google/rembert
google/rembert,es_ancora,FullyScrambled,0.0,0.0,0.0,0.0,399,789,google/rembert
google/rembert,es_ancora,FullyScrambled+Lemma,0.0,0.0,0.0,0.0,399,789,google/rembert
google/rembert,es_ancora,HeadScrambled,0.0,0.0,0.0,0.0,399,789,google/rembert
google/rembert,es_ancora,PartiallyScrambled,0.0,0.0,0.0,0.0,399,789,google/rembert
google/rembert,es_ancora,PartiallyScrambled+Lemma,0.0,0.0,0.0,0.0,399,789,google/rembert
google/rembert,ru_syntagrus,Original,0.0,0.0,0.0,0.0,396,789,google/rembert
google/rembert,ru_syntagrus,Original+Lemma,0.0,0.0,0.0,0.007575757575757576,396,789,google/rembert
google/rembert,ru_syntagrus,FullyScrambled,0.0,0.0,0.0,0.0,396,789,google/rembert
google/rembert,ru_syntagrus,FullyScrambled+Lemma,0.0,0.0,0.0,0.0025252525252525255,396,789,google/rembert
google/rembert,ru_syntagrus,HeadScrambled,0.0,0.0,0.0,0.0025252525252525255,396,789,google/rembert
google/rembert,ru_syntagrus,PartiallyScrambled,0.0,0.0,0.0,0.0025252525252525255,396,789,google/rembert
google/rembert,ru_syntagrus,PartiallyScrambled+Lemma,0.0,0.0,0.0,0.0,396,789,google/rembert
google/rembert,tr_imst,Original,0.0,0.0,0.0,0.0,363,789,google/rembert
google/rembert,tr_imst,Original+Lemma,0.0,0.0,0.0,0.0,363,789,google/rembert
google/rembert,tr_imst,FullyScrambled,0.0,0.0,0.0,0.0,363,789,google/rembert
google/rembert,tr_imst,FullyScrambled+Lemma,0.0,0.0,0.0,0.0,363,789,google/rembert
google/rembert,tr_imst,HeadScrambled,0.0,0.0,0.0,0.0,363,789,google/rembert
google/rembert,tr_imst,PartiallyScrambled,0.0,0.0,0.0,0.0,159,789,google/rembert
google/rembert,tr_imst,PartiallyScrambled+Lemma,0.0,0.0,0.0,0.0,159,789,google/rembert
google/rembert,zh_gsd,Original,0.0,0.0,0.0,0.0,400,789,google/rembert
google/rembert,zh_gsd,Original+Lemma,0.0,0.0,0.0,0.0,400,789,google/rembert
google/rembert,zh_gsd,FullyScrambled,0.0,0.0,0.0,0.0,400,789,google/rembert
google/rembert,zh_gsd,FullyScrambled+Lemma,0.0,0.0,0.0,0.0,400,789,google/rembert
google/rembert,zh_gsd,HeadScrambled,0.0,0.0,0.0,0.0,400,789,google/rembert
google/rembert,zh_gsd,PartiallyScrambled,0.0,0.0,0.0,0.0,400,789,google/rembert
google/rembert,zh_gsd,PartiallyScrambled+Lemma,0.0,0.0,0.0,0.0,400,789,google/rembert
