model_name,lang,condition,word_at_1,word_at_5,pred_punct_rate,pred_stop_rate,N,run_seed,run_model
xlm-roberta-base,de_gsd,FullyScrambled,0.0125,0.0325,0.2,0.1,400,789,xlm-roberta-base
xlm-roberta-base,de_gsd,FullyScrambled+Lemma,0.0075,0.03,0.2,0.165,400,789,xlm-roberta-base
xlm-roberta-base,de_gsd,HeadScrambled,0.1675,0.29,0.1025,0.06,400,789,xlm-roberta-base
xlm-roberta-base,de_gsd,Original,0.3375,0.51,0.075,0.0225,400,789,xlm-roberta-base
xlm-roberta-base,de_gsd,Original+Lemma,0.15,0.2925,0.1025,0.07,400,789,xlm-roberta-base
xlm-roberta-base,de_gsd,PartiallyScrambled,0.195,0.295,0.0925,0.0475,400,789,xlm-roberta-base
xlm-roberta-base,de_gsd,PartiallyScrambled+Lemma,0.0775,0.165,0.1175,0.1025,400,789,xlm-roberta-base
xlm-roberta-base,en_ewt,FullyScrambled,0.005449591280653951,0.021798365122615803,0.1771117166212534,0.1771117166212534,367,789,xlm-roberta-base
xlm-roberta-base,en_ewt,FullyScrambled+Lemma,0.0027100271002710027,0.02710027100271003,0.1897018970189702,0.21951219512195122,369,789,xlm-roberta-base
xlm-roberta-base,en_ewt,HeadScrambled,0.07901907356948229,0.18256130790190736,0.11171662125340599,0.11989100817438691,367,789,xlm-roberta-base
xlm-roberta-base,en_ewt,Original,0.3024523160762943,0.47411444141689374,0.05449591280653951,0.06267029972752043,367,789,xlm-roberta-base
xlm-roberta-base,en_ewt,Original+Lemma,0.21680216802168023,0.3875338753387534,0.08401084010840108,0.0948509485094851,369,789,xlm-roberta-base
xlm-roberta-base,en_ewt,PartiallyScrambled,0.16621253405994552,0.2970027247956403,0.07356948228882834,0.10626702997275204,367,789,xlm-roberta-base
xlm-roberta-base,en_ewt,PartiallyScrambled+Lemma,0.12195121951219512,0.24661246612466126,0.0975609756097561,0.12466124661246612,369,789,xlm-roberta-base
xlm-roberta-base,es_ancora,FullyScrambled,0.012531328320802004,0.047619047619047616,0.16541353383458646,0.2756892230576441,399,789,xlm-roberta-base
xlm-roberta-base,es_ancora,FullyScrambled+Lemma,0.010025062656641603,0.042606516290726815,0.14536340852130325,0.2932330827067669,399,789,xlm-roberta-base
xlm-roberta-base,es_ancora,HeadScrambled,0.10025062656641603,0.19799498746867167,0.06766917293233082,0.12280701754385964,399,789,xlm-roberta-base
xlm-roberta-base,es_ancora,Original,0.3383458646616541,0.5012531328320802,0.06766917293233082,0.047619047619047616,399,789,xlm-roberta-base
xlm-roberta-base,es_ancora,Original+Lemma,0.18045112781954886,0.3082706766917293,0.07769423558897243,0.11027568922305764,399,789,xlm-roberta-base
xlm-roberta-base,es_ancora,PartiallyScrambled,0.17543859649122806,0.2982456140350877,0.07017543859649122,0.09774436090225563,399,789,xlm-roberta-base
xlm-roberta-base,es_ancora,PartiallyScrambled+Lemma,0.09523809523809523,0.18295739348370926,0.09774436090225563,0.13784461152882205,399,789,xlm-roberta-base
xlm-roberta-base,ru_syntagrus,FullyScrambled,0.012626262626262626,0.03282828282828283,0.26515151515151514,0.08585858585858586,396,789,xlm-roberta-base
xlm-roberta-base,ru_syntagrus,FullyScrambled+Lemma,0.015151515151515152,0.030303030303030304,0.29292929292929293,0.10101010101010101,396,789,xlm-roberta-base
xlm-roberta-base,ru_syntagrus,HeadScrambled,0.07828282828282829,0.14898989898989898,0.12626262626262627,0.07575757575757576,396,789,xlm-roberta-base
xlm-roberta-base,ru_syntagrus,Original,0.29292929292929293,0.4595959595959596,0.04292929292929293,0.020202020202020204,396,789,xlm-roberta-base
xlm-roberta-base,ru_syntagrus,Original+Lemma,0.12626262626262627,0.23232323232323232,0.09848484848484848,0.04040404040404041,396,789,xlm-roberta-base
xlm-roberta-base,ru_syntagrus,PartiallyScrambled,0.14646464646464646,0.2222222222222222,0.10101010101010101,0.05555555555555555,396,789,xlm-roberta-base
xlm-roberta-base,ru_syntagrus,PartiallyScrambled+Lemma,0.06818181818181818,0.11868686868686869,0.13383838383838384,0.06818181818181818,396,789,xlm-roberta-base
xlm-roberta-base,tr_imst,FullyScrambled,0.005509641873278237,0.013774104683195593,0.38292011019283745,0.05509641873278237,363,789,xlm-roberta-base
xlm-roberta-base,tr_imst,FullyScrambled+Lemma,0.0027548209366391185,0.008264462809917356,0.2727272727272727,0.08264462809917356,363,789,xlm-roberta-base
xlm-roberta-base,tr_imst,HeadScrambled,0.01928374655647383,0.0440771349862259,0.33608815426997246,0.030303030303030304,363,789,xlm-roberta-base
xlm-roberta-base,tr_imst,Original,0.07162534435261708,0.1487603305785124,0.36363636363636365,0.03581267217630854,363,789,xlm-roberta-base
xlm-roberta-base,tr_imst,Original+Lemma,0.011019283746556474,0.03856749311294766,0.3526170798898072,0.07162534435261708,363,789,xlm-roberta-base
xlm-roberta-base,tr_imst,PartiallyScrambled,0.05660377358490566,0.07547169811320754,0.29559748427672955,0.03773584905660377,159,789,xlm-roberta-base
xlm-roberta-base,tr_imst,PartiallyScrambled+Lemma,0.018867924528301886,0.031446540880503145,0.2893081761006289,0.10062893081761007,159,789,xlm-roberta-base
xlm-roberta-base,zh_gsd,FullyScrambled,0.025,0.065,0.0525,0.0,400,789,xlm-roberta-base
xlm-roberta-base,zh_gsd,FullyScrambled+Lemma,0.025,0.0675,0.055,0.0,400,789,xlm-roberta-base
xlm-roberta-base,zh_gsd,HeadScrambled,0.11,0.215,0.02,0.0,400,789,xlm-roberta-base
xlm-roberta-base,zh_gsd,Original,0.325,0.51,0.005,0.0,400,789,xlm-roberta-base
xlm-roberta-base,zh_gsd,Original+Lemma,0.3325,0.5125,0.005,0.0,400,789,xlm-roberta-base
xlm-roberta-base,zh_gsd,PartiallyScrambled,0.15,0.295,0.01,0.0,400,789,xlm-roberta-base
xlm-roberta-base,zh_gsd,PartiallyScrambled+Lemma,0.15,0.2925,0.01,0.0,400,789,xlm-roberta-base
