model_name,lang,condition,word_at_1,word_at_5,pred_punct_rate,pred_stop_rate,N,run_seed,run_model
bert-base-multilingual-cased,de_gsd,FullyScrambled,0.0,0.017543859649122806,0.22305764411027568,0.10275689223057644,399,456,bert-base-multilingual-cased
bert-base-multilingual-cased,de_gsd,FullyScrambled+Lemma,0.0,0.005012531328320802,0.22055137844611528,0.13533834586466165,399,456,bert-base-multilingual-cased
bert-base-multilingual-cased,de_gsd,HeadScrambled,0.07268170426065163,0.15538847117794485,0.08521303258145363,0.08020050125313283,399,456,bert-base-multilingual-cased
bert-base-multilingual-cased,de_gsd,Original,0.14035087719298245,0.2731829573934837,0.03258145363408521,0.05764411027568922,399,456,bert-base-multilingual-cased
bert-base-multilingual-cased,de_gsd,Original+Lemma,0.047619047619047616,0.15037593984962405,0.09523809523809523,0.07017543859649122,399,456,bert-base-multilingual-cased
bert-base-multilingual-cased,de_gsd,PartiallyScrambled,0.08270676691729323,0.19298245614035087,0.08020050125313283,0.06766917293233082,399,456,bert-base-multilingual-cased
bert-base-multilingual-cased,de_gsd,PartiallyScrambled+Lemma,0.040100250626566414,0.10275689223057644,0.11027568922305764,0.08270676691729323,399,456,bert-base-multilingual-cased
bert-base-multilingual-cased,en_ewt,FullyScrambled,0.013623978201634877,0.03814713896457766,0.25340599455040874,0.1880108991825613,367,456,bert-base-multilingual-cased
bert-base-multilingual-cased,en_ewt,FullyScrambled+Lemma,0.013623978201634877,0.035422343324250684,0.21525885558583105,0.22343324250681199,367,456,bert-base-multilingual-cased
bert-base-multilingual-cased,en_ewt,HeadScrambled,0.07084468664850137,0.16076294277929154,0.1335149863760218,0.1226158038147139,367,456,bert-base-multilingual-cased
bert-base-multilingual-cased,en_ewt,Original,0.24795640326975477,0.4087193460490463,0.05722070844686648,0.05722070844686648,367,456,bert-base-multilingual-cased
bert-base-multilingual-cased,en_ewt,Original+Lemma,0.18528610354223432,0.32697547683923706,0.05994550408719346,0.09264305177111716,367,456,bert-base-multilingual-cased
bert-base-multilingual-cased,en_ewt,PartiallyScrambled,0.14168937329700274,0.2506811989100817,0.08719346049046321,0.08991825613079019,367,456,bert-base-multilingual-cased
bert-base-multilingual-cased,en_ewt,PartiallyScrambled+Lemma,0.09809264305177112,0.20435967302452315,0.08719346049046321,0.11716621253405994,367,456,bert-base-multilingual-cased
bert-base-multilingual-cased,es_ancora,FullyScrambled,0.007518796992481203,0.03508771929824561,0.15789473684210525,0.20050125313283207,399,456,bert-base-multilingual-cased
bert-base-multilingual-cased,es_ancora,FullyScrambled+Lemma,0.005012531328320802,0.03759398496240601,0.18295739348370926,0.21804511278195488,399,456,bert-base-multilingual-cased
bert-base-multilingual-cased,es_ancora,HeadScrambled,0.06766917293233082,0.16791979949874686,0.06015037593984962,0.14035087719298245,399,456,bert-base-multilingual-cased
bert-base-multilingual-cased,es_ancora,Original,0.2756892230576441,0.42606516290726815,0.03007518796992481,0.07017543859649122,399,456,bert-base-multilingual-cased
bert-base-multilingual-cased,es_ancora,Original+Lemma,0.15538847117794485,0.2531328320802005,0.045112781954887216,0.08270676691729323,399,456,bert-base-multilingual-cased
bert-base-multilingual-cased,es_ancora,PartiallyScrambled,0.14035087719298245,0.23308270676691728,0.06516290726817042,0.10275689223057644,399,456,bert-base-multilingual-cased
bert-base-multilingual-cased,es_ancora,PartiallyScrambled+Lemma,0.09022556390977443,0.18295739348370926,0.08521303258145363,0.11528822055137844,399,456,bert-base-multilingual-cased
bert-base-multilingual-cased,ru_syntagrus,FullyScrambled,0.0025252525252525255,0.010101010101010102,0.14898989898989898,0.047979797979797977,396,456,bert-base-multilingual-cased
bert-base-multilingual-cased,ru_syntagrus,FullyScrambled+Lemma,0.0025252525252525255,0.017676767676767676,0.18686868686868688,0.050505050505050504,396,456,bert-base-multilingual-cased
bert-base-multilingual-cased,ru_syntagrus,HeadScrambled,0.08080808080808081,0.14393939393939395,0.06313131313131314,0.05808080808080808,396,456,bert-base-multilingual-cased
bert-base-multilingual-cased,ru_syntagrus,Original,0.26262626262626265,0.39646464646464646,0.010101010101010102,0.025252525252525252,396,456,bert-base-multilingual-cased
bert-base-multilingual-cased,ru_syntagrus,Original+Lemma,0.09343434343434344,0.16414141414141414,0.050505050505050504,0.03282828282828283,396,456,bert-base-multilingual-cased
bert-base-multilingual-cased,ru_syntagrus,PartiallyScrambled,0.12121212121212122,0.2222222222222222,0.03282828282828283,0.03787878787878788,396,456,bert-base-multilingual-cased
bert-base-multilingual-cased,ru_syntagrus,PartiallyScrambled+Lemma,0.04292929292929293,0.09595959595959595,0.0707070707070707,0.03787878787878788,396,456,bert-base-multilingual-cased
bert-base-multilingual-cased,tr_imst,FullyScrambled,0.006578947368421052,0.006578947368421052,0.09210526315789473,0.03289473684210526,152,456,bert-base-multilingual-cased
bert-base-multilingual-cased,tr_imst,FullyScrambled+Lemma,0.006578947368421052,0.013157894736842105,0.2565789473684211,0.05921052631578947,152,456,bert-base-multilingual-cased
bert-base-multilingual-cased,tr_imst,HeadScrambled,0.006578947368421052,0.006578947368421052,0.09210526315789473,0.02631578947368421,152,456,bert-base-multilingual-cased
bert-base-multilingual-cased,tr_imst,Original,0.006578947368421052,0.019736842105263157,0.07236842105263158,0.046052631578947366,152,456,bert-base-multilingual-cased
bert-base-multilingual-cased,tr_imst,Original+Lemma,0.013157894736842105,0.03289473684210526,0.16447368421052633,0.06578947368421052,152,456,bert-base-multilingual-cased
bert-base-multilingual-cased,tr_imst,PartiallyScrambled,0.006578947368421052,0.019736842105263157,0.07894736842105263,0.019736842105263157,152,456,bert-base-multilingual-cased
bert-base-multilingual-cased,tr_imst,PartiallyScrambled+Lemma,0.006578947368421052,0.013157894736842105,0.16447368421052633,0.05921052631578947,152,456,bert-base-multilingual-cased
bert-base-multilingual-cased,zh_gsd,FullyScrambled,0.0175,0.0575,0.1,0.0,400,456,bert-base-multilingual-cased
bert-base-multilingual-cased,zh_gsd,FullyScrambled+Lemma,0.02,0.0575,0.1,0.0,400,456,bert-base-multilingual-cased
bert-base-multilingual-cased,zh_gsd,HeadScrambled,0.135,0.2425,0.0625,0.0,400,456,bert-base-multilingual-cased
bert-base-multilingual-cased,zh_gsd,Original,0.42,0.5875,0.025,0.0,400,456,bert-base-multilingual-cased
bert-base-multilingual-cased,zh_gsd,Original+Lemma,0.4175,0.58,0.0225,0.0,400,456,bert-base-multilingual-cased
bert-base-multilingual-cased,zh_gsd,PartiallyScrambled,0.2125,0.36,0.0325,0.0,400,456,bert-base-multilingual-cased
bert-base-multilingual-cased,zh_gsd,PartiallyScrambled+Lemma,0.215,0.355,0.0275,0.0,400,456,bert-base-multilingual-cased
